region,year,category,mode,bev_sales,phev_sales,bev_market_share_pct,phev_market_share_pct
Australia,2011,Historical,Cars,49.0,,100.0,
Australia,2012,Historical,Cars,170.0,80.0,68.0,32.0
Australia,2013,Historical,Cars,190.0,100.0,65.51724137931035,34.48275862068966
Australia,2014,Historical,Cars,370.0,950.0,28.030303030303028,71.96969696969697
Australia,2015,Historical,Cars,760.0,1000.0,43.18181818181818,56.81818181818182
Australia,2016,Historical,Cars,670.0,700.0,48.9051094890511,51.09489051094891
Australia,2017,Historical,Cars,1200.0,1100.0,52.17391304347826,47.82608695652174
Australia,2018,Historical,Cars,1800.0,1800.0,50.0,50.0
Australia,2019,Historical,Cars,6300.0,2900.0,68.47826086956522,31.521739130434785
Australia,2020,Historical,Cars,5200.0,1700.0,75.36231884057972,24.637681159420293
Australia,2021,Historical,Cars,17000.0,3400.0,83.33333333333334,16.666666666666664
Australia,2022,Historical,Cars,33000.0,5900.0,84.83290488431876,15.167095115681233
Australia,2023,Historical,Cars,87000.0,11000.0,88.77551020408163,11.224489795918368
Austria,2013,Historical,Cars,650.0,,100.0,
Austria,2014,Historical,Cars,1700.0,,100.0,
Austria,2015,Historical,Cars,1700.0,1100.0,60.71428571428571,39.285714285714285
Austria,2016,Historical,Cars,3800.0,1200.0,76.0,24.0
Austria,2017,Historical,Cars,5400.0,1700.0,76.05633802816901,23.943661971830984
Austria,2018,Historical,Cars,6800.0,2300.0,74.72527472527473,25.274725274725274
Austria,2019,Historical,Cars,9300.0,2200.0,80.8695652173913,19.130434782608695
Austria,2020,Historical,Cars,16000.0,7600.0,67.79661016949152,32.20338983050847
Austria,2021,Historical,Cars,33000.0,15000.0,68.75,31.25
Austria,2022,Historical,Cars,34000.0,13000.0,72.3404255319149,27.659574468085108
Austria,2023,Historical,Cars,48000.0,17000.0,73.84615384615385,26.153846153846157
Belgium,2010,Historical,Cars,48.0,8.0,85.71428571428571,14.285714285714285
Belgium,2010,Historical,Vans,7.0,,100.0,
Belgium,2011,Historical,Cars,280.0,16.0,94.5945945945946,5.405405405405405
Belgium,2011,Historical,Trucks,1.0,,100.0,
Belgium,2011,Historical,Vans,25.0,,100.0,
Belgium,2012,Historical,Cars,570.0,340.0,62.637362637362635,37.362637362637365
Belgium,2012,Historical,Vans,260.0,,100.0,
Belgium,2013,Historical,Cars,500.0,60.0,89.28571428571429,10.714285714285714
Belgium,2013,Historical,Vans,110.0,,100.0,
Belgium,2014,Historical,Buses,3.0,,100.0,
Belgium,2014,Historical,Cars,1300.0,650.0,66.66666666666666,33.33333333333333
Belgium,2014,Historical,Trucks,1.0,,100.0,
Belgium,2014,Historical,Vans,99.0,,100.0,
Belgium,2015,Historical,Cars,1400.0,2500.0,35.8974358974359,64.1025641025641
Belgium,2015,Historical,Vans,68.0,,100.0,
Belgium,2016,Historical,Cars,2100.0,7100.0,22.82608695652174,77.17391304347827
Belgium,2016,Historical,Trucks,1.0,,100.0,
Belgium,2016,Historical,Vans,140.0,,100.0,
Belgium,2017,Historical,Buses,,2.0,,100.0
Belgium,2017,Historical,Cars,2700.0,12000.0,18.367346938775512,81.63265306122449
Belgium,2017,Historical,Vans,130.0,1.0,99.23664122137404,0.7633587786259541
Belgium,2018,Historical,Buses,14.0,,100.0,
Belgium,2018,Historical,Cars,3600.0,9600.0,27.27272727272727,72.72727272727273
Belgium,2018,Historical,Trucks,1.0,,100.0,
Belgium,2018,Historical,Vans,260.0,2.0,99.23664122137404,0.7633587786259541
Belgium,2019,Historical,Buses,37.0,11.0,77.08333333333334,22.916666666666664
Belgium,2019,Historical,Cars,8800.0,8900.0,49.717514124293785,50.282485875706215
Belgium,2019,Historical,Vans,400.0,,100.0,
Belgium,2020,Historical,Buses,12.0,43.0,21.818181818181817,78.18181818181819
Belgium,2020,Historical,Cars,15000.0,32000.0,31.914893617021278,68.08510638297872
Belgium,2020,Historical,Trucks,6.0,,100.0,
Belgium,2020,Historical,Vans,470.0,26.0,94.75806451612904,5.241935483870968
Belgium,2021,Historical,Buses,220.0,22.0,90.9090909090909,9.090909090909092
Belgium,2021,Historical,Cars,23000.0,48000.0,32.3943661971831,67.6056338028169
Belgium,2021,Historical,Trucks,5.0,,100.0,
Belgium,2021,Historical,Vans,640.0,39.0,94.2562592047128,5.743740795287187
Belgium,2022,Historical,Buses,42.0,25.0,62.68656716417911,37.3134328358209
Belgium,2022,Historical,Cars,38000.0,59000.0,39.175257731958766,60.824742268041234
Belgium,2022,Historical,Trucks,31.0,,100.0,
Belgium,2022,Historical,Vans,1800.0,98.0,94.83667017913592,5.163329820864067
Belgium,2023,Historical,Buses,340.0,110.0,75.55555555555556,24.444444444444443
Belgium,2023,Historical,Cars,93000.0,100000.0,48.18652849740933,51.813471502590666
Belgium,2023,Historical,Trucks,160.0,8.0,95.23809523809523,4.761904761904762
Belgium,2023,Historical,Vans,3100.0,24.0,99.23175416133164,0.7682458386683738
Brazil,2010,Historical,Cars,10.0,,100.0,
Brazil,2011,Historical,Cars,8.0,,100.0,
Brazil,2012,Historical,Cars,22.0,18.0,55.00000000000001,45.0
Brazil,2013,Historical,Buses,5.0,,100.0,
Brazil,2013,Historical,Cars,39.0,33.0,54.166666666666664,45.83333333333333
Brazil,2013,Historical,Vans,7.0,,100.0,
Brazil,2014,Historical,Cars,61.0,,100.0,
Brazil,2014,Historical,Vans,13.0,,100.0,
Brazil,2015,Historical,Cars,61.0,28.0,68.53932584269663,31.46067415730337
Brazil,2015,Historical,Vans,3.0,,100.0,
Brazil,2016,Historical,Cars,130.0,47.0,73.44632768361582,26.55367231638418
Brazil,2016,Historical,Vans,6.0,,100.0,
Brazil,2017,Historical,Buses,3.0,,100.0,
Brazil,2017,Historical,Cars,140.0,290.0,32.55813953488372,67.44186046511628
Brazil,2017,Historical,Vans,18.0,,100.0,
Brazil,2018,Historical,Buses,18.0,,100.0,
Brazil,2018,Historical,Cars,180.0,230.0,43.90243902439025,56.09756097560976
Brazil,2018,Historical,Trucks,40.0,,100.0,
Brazil,2018,Historical,Vans,5.0,,100.0,
Brazil,2019,Historical,Buses,32.0,,100.0,
Brazil,2019,Historical,Cars,540.0,1400.0,27.835051546391753,72.16494845360825
Brazil,2019,Historical,Trucks,23.0,,100.0,
Brazil,2019,Historical,Vans,14.0,,100.0,
Brazil,2020,Historical,Buses,37.0,,100.0,
Brazil,2020,Historical,Cars,800.0,1800.0,30.76923076923077,69.23076923076923
Brazil,2020,Historical,Trucks,15.0,,100.0,
Brazil,2020,Historical,Vans,58.0,,100.0,
Brazil,2021,Historical,Buses,240.0,,100.0,
Brazil,2021,Historical,Cars,2900.0,11000.0,20.863309352517987,79.13669064748201
Brazil,2021,Historical,Trucks,290.0,,100.0,
Brazil,2021,Historical,Vans,150.0,,100.0,
Brazil,2022,Historical,Buses,610.0,,100.0,
Brazil,2022,Historical,Cars,8500.0,10000.0,45.94594594594595,54.054054054054056
Brazil,2022,Historical,Trucks,710.0,,100.0,
Brazil,2022,Historical,Vans,520.0,,100.0,
Brazil,2023,Historical,Buses,200.0,,100.0,
Brazil,2023,Historical,Cars,19000.0,33000.0,36.53846153846153,63.46153846153846
Brazil,2023,Historical,Trucks,810.0,,100.0,
Brazil,2023,Historical,Vans,690.0,,100.0,
Bulgaria,2015,Historical,Cars,21.0,,100.0,
Bulgaria,2016,Historical,Cars,5.0,8.0,38.46153846153847,61.53846153846154
Bulgaria,2017,Historical,Cars,68.0,38.0,64.15094339622641,35.84905660377358
Bulgaria,2018,Historical,Cars,190.0,26.0,87.96296296296296,12.037037037037036
Bulgaria,2019,Historical,Cars,180.0,56.0,76.27118644067797,23.728813559322035
Bulgaria,2020,Historical,Cars,140.0,41.0,77.34806629834254,22.65193370165746
Bulgaria,2021,Historical,Cars,430.0,120.0,78.18181818181819,21.818181818181817
Bulgaria,2022,Historical,Cars,1000.0,140.0,87.71929824561403,12.280701754385964
Bulgaria,2023,Historical,Cars,1800.0,360.0,83.33333333333334,16.666666666666664
Canada,2010,Historical,Trucks,1.0,,100.0,
Canada,2011,Historical,Cars,220.0,300.0,42.30769230769231,57.692307692307686
Canada,2011,Historical,Trucks,2.0,,100.0,
Canada,2012,Historical,Cars,620.0,1300.0,32.29166666666667,67.70833333333334
Canada,2012,Historical,Trucks,3.0,,100.0,
Canada,2013,Historical,Cars,1600.0,1500.0,51.61290322580645,48.38709677419355
Canada,2013,Historical,Trucks,8.0,,100.0,
Canada,2014,Historical,Cars,2800.0,2300.0,54.90196078431373,45.09803921568628
Canada,2014,Historical,Trucks,6.0,,100.0,
Canada,2015,Historical,Cars,4400.0,2400.0,64.70588235294117,35.294117647058826
Canada,2015,Historical,Trucks,9.0,,100.0,
Canada,2015,Historical,Vans,1.0,5.0,16.666666666666664,83.33333333333334
Canada,2016,Historical,Buses,5.0,,100.0,
Canada,2016,Historical,Cars,5200.0,6400.0,44.827586206896555,55.172413793103445
Canada,2017,Historical,Buses,11.0,,100.0,
Canada,2017,Historical,Cars,8700.0,8000.0,52.09580838323353,47.90419161676647
Canada,2018,Historical,Buses,19.0,,100.0,
Canada,2018,Historical,Cars,23000.0,21000.0,52.27272727272727,47.72727272727273
Canada,2018,Historical,Trucks,7.0,,100.0,
Canada,2019,Historical,Buses,49.0,,100.0,
Canada,2019,Historical,Cars,32000.0,19000.0,62.745098039215684,37.254901960784316
Canada,2020,Historical,Buses,63.0,,100.0,
Canada,2020,Historical,Cars,37000.0,14000.0,72.54901960784314,27.450980392156865
Canada,2020,Historical,Vans,1600.0,1400.0,53.333333333333336,46.666666666666664
Canada,2021,Historical,Buses,250.0,,100.0,
Canada,2021,Historical,Cars,59000.0,28000.0,67.81609195402298,32.18390804597701
Canada,2021,Historical,Trucks,20.0,,100.0,
Canada,2021,Historical,Vans,2600.0,2600.0,50.0,50.0
Canada,2022,Historical,Buses,190.0,,100.0,
Canada,2022,Historical,Cars,91000.0,24000.0,79.13043478260869,20.869565217391305
Canada,2022,Historical,Trucks,830.0,,100.0,
Canada,2022,Historical,Vans,7000.0,3100.0,69.3069306930693,30.693069306930692
Canada,2023,Historical,Buses,790.0,,100.0,
Canada,2023,Historical,Cars,130000.0,41000.0,76.0233918128655,23.976608187134502
Canada,2023,Historical,Trucks,2000.0,,100.0,
Canada,2023,Historical,Vans,9100.0,4100.0,68.93939393939394,31.060606060606062
Chile,2011,Historical,Cars,6.0,,100.0,
Chile,2012,Historical,Cars,5.0,,100.0,
Chile,2013,Historical,Cars,5.0,,100.0,
Chile,2014,Historical,Cars,3.0,14.0,17.647058823529413,82.35294117647058
Chile,2015,Historical,Cars,10.0,23.0,30.303030303030305,69.6969696969697
Chile,2016,Historical,Cars,18.0,9.0,66.66666666666666,33.33333333333333
Chile,2017,Historical,Cars,120.0,15.0,88.88888888888889,11.11111111111111
Chile,2018,Historical,Cars,100.0,68.0,59.523809523809526,40.476190476190474
Chile,2019,Historical,Cars,160.0,140.0,53.333333333333336,46.666666666666664
Chile,2020,Historical,Cars,110.0,79.0,58.201058201058196,41.7989417989418
Chile,2021,Historical,Cars,270.0,300.0,47.368421052631575,52.63157894736842
Chile,2022,Historical,Cars,880.0,620.0,58.666666666666664,41.333333333333336
Chile,2023,Historical,Cars,410.0,510.0,44.565217391304344,55.434782608695656
China,2010,Historical,Buses,970.0,,100.0,
China,2010,Historical,Cars,1100.0,340.0,76.38888888888889,23.61111111111111
China,2010,Historical,Vans,120.0,,100.0,
China,2011,Historical,Buses,440.0,160.0,73.33333333333333,26.666666666666668
China,2011,Historical,Cars,4800.0,320.0,93.75,6.25
China,2011,Historical,Vans,150.0,,100.0,
China,2012,Historical,Buses,1400.0,510.0,73.29842931937172,26.701570680628272
China,2012,Historical,Cars,9600.0,260.0,97.3630831643002,2.636916835699797
China,2012,Historical,Vans,670.0,,100.0,
China,2013,Historical,Buses,2000.0,1800.0,52.63157894736842,47.368421052631575
China,2013,Historical,Cars,15000.0,730.0,95.35918626827717,4.640813731722822
China,2013,Historical,Vans,750.0,,100.0,
China,2014,Historical,Buses,4000.0,6000.0,40.0,60.0
China,2014,Historical,Cars,49000.0,24000.0,67.12328767123287,32.87671232876712
China,2014,Historical,Vans,480.0,,100.0,
China,2015,Historical,Buses,43000.0,13000.0,76.78571428571429,23.214285714285715
China,2015,Historical,Cars,150000.0,61000.0,71.09004739336493,28.90995260663507
China,2015,Historical,Trucks,17000.0,,100.0,
China,2015,Historical,Vans,15000.0,,100.0,
China,2016,Historical,Buses,76000.0,7600.0,90.9090909090909,9.090909090909092
China,2016,Historical,Cars,260000.0,79000.0,76.69616519174042,23.303834808259587
China,2016,Historical,Trucks,46000.0,,100.0,
China,2016,Historical,Vans,11000.0,,100.0,
China,2017,Historical,Buses,88000.0,240.0,99.72801450589301,0.271985494106981
China,2017,Historical,Cars,470000.0,110000.0,81.03448275862068,18.96551724137931
China,2017,Historical,Trucks,71000.0,,100.0,
China,2017,Historical,Vans,68000.0,,100.0,
China,2018,Historical,Buses,83000.0,1200.0,98.57482185273159,1.4251781472684086
China,2018,Historical,Cars,820000.0,270000.0,75.22935779816514,24.770642201834864
China,2018,Historical,Trucks,36000.0,,100.0,
China,2018,Historical,Vans,54000.0,,100.0,
China,2019,Historical,Buses,68000.0,1300.0,98.12409812409813,1.875901875901876
China,2019,Historical,Cars,830000.0,230000.0,78.30188679245283,21.69811320754717
China,2019,Historical,Trucks,24000.0,31.0,99.87099995838709,0.12900004161291664
China,2019,Historical,Vans,27000.0,27.0,99.9000999000999,0.0999000999000999
China,2020,Historical,Buses,55000.0,1800.0,96.83098591549296,3.169014084507042
China,2020,Historical,Cars,920000.0,220000.0,80.7017543859649,19.298245614035086
China,2020,Historical,Trucks,17000.0,27.0,99.84142831972748,0.15857168027250837
China,2020,Historical,Vans,26000.0,1.0,99.99615399407715,0.0038460059228491213
China,2021,Historical,Buses,42000.0,860.0,97.9934671021932,2.006532897806813
China,2021,Historical,Cars,2700000.0,550000.0,83.07692307692308,16.923076923076923
China,2021,Historical,Trucks,18000.0,520.0,97.19222462203024,2.8077753779697625
China,2021,Historical,Vans,71000.0,160.0,99.77515458122541,0.22484541877459246
China,2022,Historical,Buses,44000.0,1100.0,97.5609756097561,2.4390243902439024
China,2022,Historical,Cars,4400000.0,1500000.0,74.57627118644068,25.423728813559322
China,2022,Historical,Trucks,34000.0,260.0,99.241097489784,0.7589025102159953
China,2022,Historical,Vans,170000.0,1500.0,99.12536443148689,0.8746355685131195
China,2023,Historical,Buses,29000.0,1300.0,95.7095709570957,4.29042904290429
China,2023,Historical,Cars,5400000.0,2700000.0,66.66666666666666,33.33333333333333
China,2023,Historical,Trucks,38000.0,320.0,99.16492693110646,0.8350730688935281
China,2023,Historical,Vans,240000.0,,100.0,
Colombia,2015,Historical,Cars,39.0,3.0,92.85714285714286,7.142857142857142
Colombia,2016,Historical,Cars,28.0,25.0,52.83018867924528,47.16981132075472
Colombia,2017,Historical,Cars,92.0,56.0,62.16216216216216,37.83783783783784
Colombia,2018,Historical,Cars,250.0,320.0,43.859649122807014,56.14035087719298
Colombia,2019,Historical,Cars,870.0,450.0,65.9090909090909,34.090909090909086
Colombia,2020,Historical,Cars,480.0,470.0,50.526315789473685,49.473684210526315
Colombia,2021,Historical,Cars,840.0,1700.0,33.07086614173229,66.92913385826772
Colombia,2022,Historical,Cars,1900.0,2400.0,44.18604651162791,55.81395348837209
Colombia,2023,Historical,Cars,3600.0,2500.0,59.01639344262295,40.98360655737705
Costa Rica,2015,Historical,Cars,4.0,,100.0,
Costa Rica,2016,Historical,Cars,12.0,,100.0,
Costa Rica,2017,Historical,Cars,25.0,,100.0,
Costa Rica,2018,Historical,Cars,200.0,,100.0,
Costa Rica,2019,Historical,Cars,460.0,,100.0,
Costa Rica,2020,Historical,Cars,630.0,,100.0,
Costa Rica,2021,Historical,Cars,1000.0,,100.0,
Costa Rica,2022,Historical,Cars,1600.0,,100.0,
Costa Rica,2023,Historical,Cars,4900.0,,100.0,
Croatia,2019,Historical,Cars,190.0,67.0,73.92996108949417,26.07003891050584
Croatia,2020,Historical,Cars,530.0,140.0,79.1044776119403,20.8955223880597
Croatia,2021,Historical,Cars,1400.0,400.0,77.77777777777779,22.22222222222222
Croatia,2022,Historical,Cars,1400.0,840.0,62.5,37.5
Croatia,2023,Historical,Cars,1600.0,990.0,61.77606177606177,38.22393822393823
Cyprus,2019,Historical,Cars,23.0,,100.0,
Cyprus,2020,Historical,Cars,42.0,83.0,33.6,66.4
Cyprus,2021,Historical,Cars,84.0,98.0,46.15384615384615,53.84615384615385
Cyprus,2022,Historical,Cars,400.0,230.0,63.49206349206349,36.507936507936506
Cyprus,2023,Historical,Cars,790.0,510.0,60.76923076923077,39.23076923076923
Czech Republic,2015,Historical,Cars,300.0,,100.0,
Czech Republic,2016,Historical,Cars,200.0,,100.0,
Czech Republic,2017,Historical,Cars,390.0,,100.0,
Czech Republic,2018,Historical,Cars,700.0,280.0,71.42857142857143,28.57142857142857
Czech Republic,2019,Historical,Cars,760.0,470.0,61.78861788617886,38.21138211382114
Czech Republic,2020,Historical,Cars,3300.0,2000.0,62.264150943396224,37.735849056603776
Czech Republic,2021,Historical,Cars,2700.0,3700.0,42.1875,57.8125
Czech Republic,2022,Historical,Cars,3900.0,3600.0,52.0,48.0
Czech Republic,2023,Historical,Cars,6700.0,5300.0,55.833333333333336,44.166666666666664
Denmark,2010,Historical,Trucks,4.0,,100.0,
Denmark,2010,Historical,Vans,6.0,,100.0,
Denmark,2011,Historical,Buses,1.0,,100.0,
Denmark,2011,Historical,Cars,420.0,2.0,99.52606635071089,0.47393364928909953
Denmark,2011,Historical,Vans,23.0,,100.0,
Denmark,2012,Historical,Buses,1.0,,100.0,
Denmark,2012,Historical,Cars,490.0,12.0,97.60956175298804,2.3904382470119523
Denmark,2012,Historical,Trucks,1.0,,100.0,
Denmark,2012,Historical,Vans,130.0,8.0,94.20289855072464,5.797101449275362
Denmark,2013,Historical,Buses,2.0,,100.0,
Denmark,2013,Historical,Cars,500.0,10.0,98.0392156862745,1.9607843137254901
Denmark,2013,Historical,Trucks,1.0,,100.0,
Denmark,2013,Historical,Vans,100.0,2.0,98.0392156862745,1.9607843137254901
Denmark,2014,Historical,Cars,1600.0,90.0,94.67455621301775,5.325443786982249
Denmark,2014,Historical,Vans,47.0,2.0,95.91836734693877,4.081632653061225
Denmark,2015,Historical,Cars,4300.0,420.0,91.10169491525424,8.898305084745763
Denmark,2015,Historical,Vans,260.0,85.0,75.36231884057972,24.637681159420293
Denmark,2016,Historical,Buses,3.0,,100.0,
Denmark,2016,Historical,Cars,1300.0,570.0,69.5187165775401,30.481283422459892
Denmark,2016,Historical,Vans,57.0,81.0,41.30434782608695,58.69565217391305
Denmark,2017,Historical,Cars,710.0,620.0,53.383458646616546,46.616541353383454
Denmark,2017,Historical,Trucks,1.0,,100.0,
Denmark,2017,Historical,Vans,70.0,24.0,74.46808510638297,25.53191489361702
Denmark,2018,Historical,Buses,2.0,,100.0,
Denmark,2018,Historical,Cars,1500.0,3100.0,32.608695652173914,67.3913043478261
Denmark,2018,Historical,Trucks,3.0,,100.0,
Denmark,2018,Historical,Vans,220.0,31.0,87.64940239043824,12.350597609561753
Denmark,2019,Historical,Buses,100.0,17.0,85.47008547008546,14.529914529914532
Denmark,2019,Historical,Cars,5500.0,3900.0,58.51063829787234,41.48936170212766
Denmark,2019,Historical,Trucks,3.0,,100.0,
Denmark,2019,Historical,Vans,270.0,34.0,88.81578947368422,11.18421052631579
Denmark,2020,Historical,Buses,6.0,,100.0,
Denmark,2020,Historical,Cars,14000.0,18000.0,43.75,56.25
Denmark,2020,Historical,Trucks,28.0,,100.0,
Denmark,2020,Historical,Vans,620.0,160.0,79.48717948717949,20.51282051282051
Denmark,2021,Historical,Buses,220.0,,100.0,
Denmark,2021,Historical,Cars,25000.0,40000.0,38.46153846153847,61.53846153846154
Denmark,2021,Historical,Trucks,50.0,,100.0,
Denmark,2021,Historical,Vans,1500.0,320.0,82.41758241758241,17.582417582417584
Denmark,2022,Historical,Buses,400.0,,100.0,
Denmark,2022,Historical,Cars,31000.0,26000.0,54.385964912280706,45.614035087719294
Denmark,2022,Historical,Trucks,100.0,,100.0,
Denmark,2022,Historical,Vans,1900.0,370.0,83.70044052863436,16.299559471365637
Denmark,2023,Historical,Buses,200.0,,100.0,
Denmark,2023,Historical,Cars,63000.0,17000.0,78.75,21.25
Denmark,2023,Historical,Trucks,320.0,,100.0,
Denmark,2023,Historical,Vans,2900.0,370.0,88.68501529051987,11.314984709480122
EU27,2010,Historical,Buses,130.0,,100.0,
EU27,2010,Historical,Cars,1100.0,91.0,92.35936188077247,7.64063811922754
EU27,2010,Historical,Trucks,26.0,,100.0,
EU27,2010,Historical,Vans,1300.0,,100.0,
EU27,2011,Historical,Buses,36.0,,100.0,
EU27,2011,Historical,Cars,7100.0,360.0,95.17426273458445,4.825737265415549
EU27,2011,Historical,Trucks,11.0,,100.0,
EU27,2011,Historical,Vans,2200.0,,100.0,
EU27,2012,Historical,Buses,47.0,,100.0,
EU27,2012,Historical,Cars,12000.0,7500.0,61.53846153846154,38.46153846153847
EU27,2012,Historical,Trucks,10.0,,100.0,
EU27,2012,Historical,Vans,6500.0,11.0,99.83105513745969,0.16894486254031638
EU27,2013,Historical,Buses,68.0,,100.0,
EU27,2013,Historical,Cars,21000.0,24000.0,46.666666666666664,53.333333333333336
EU27,2013,Historical,Trucks,16.0,,100.0,
EU27,2013,Historical,Vans,6600.0,5.0,99.92429977289932,0.0757002271006813
EU27,2014,Historical,Buses,220.0,2.0,99.09909909909909,0.9009009009009009
EU27,2014,Historical,Cars,33000.0,24000.0,57.89473684210527,42.10526315789473
EU27,2014,Historical,Trucks,32.0,,100.0,
EU27,2014,Historical,Vans,6900.0,2.0,99.97102289191538,0.028977108084613158
EU27,2015,Historical,Buses,140.0,5.0,96.55172413793103,3.4482758620689653
EU27,2015,Historical,Cars,49000.0,70000.0,41.17647058823529,58.82352941176471
EU27,2015,Historical,Trucks,18.0,,100.0,
EU27,2015,Historical,Vans,8000.0,110.0,98.64364981504316,1.3563501849568433
EU27,2016,Historical,Buses,470.0,150.0,75.80645161290323,24.193548387096776
EU27,2016,Historical,Cars,54000.0,65000.0,45.378151260504204,54.621848739495796
EU27,2016,Historical,Trucks,54.0,,100.0,
EU27,2016,Historical,Vans,10000.0,81.0,99.19650828290844,0.8034917170915584
EU27,2017,Historical,Buses,340.0,34.0,90.9090909090909,9.090909090909092
EU27,2017,Historical,Cars,85000.0,89000.0,48.85057471264368,51.14942528735632
EU27,2017,Historical,Trucks,43.0,2.0,95.55555555555556,4.444444444444445
EU27,2017,Historical,Vans,14000.0,27.0,99.8075140799886,0.19248592001140657
EU27,2018,Historical,Buses,620.0,54.0,91.98813056379822,8.011869436201781
EU27,2018,Historical,Cars,140000.0,110000.0,56.00000000000001,44.0
EU27,2018,Historical,Trucks,380.0,1.0,99.73753280839895,0.26246719160104987
EU27,2018,Historical,Vans,20000.0,42.0,99.79044007584073,0.20955992415926553
EU27,2019,Historical,Buses,1600.0,51.0,96.91096305269534,3.0890369473046637
EU27,2019,Historical,Cars,250000.0,140000.0,64.1025641025641,35.8974358974359
EU27,2019,Historical,Trucks,800.0,1.0,99.87515605493134,0.12484394506866417
EU27,2019,Historical,Vans,23000.0,41.0,99.82205633436048,0.17794366563951217
EU27,2020,Historical,Buses,1800.0,67.0,96.411355115158,3.5886448848419925
EU27,2020,Historical,Cars,540000.0,510000.0,51.42857142857142,48.57142857142857
EU27,2020,Historical,Trucks,1000.0,3.0,99.70089730807578,0.29910269192422734
EU27,2020,Historical,Vans,29000.0,530.0,98.20521503555706,1.7947849644429394
EU27,2021,Historical,Buses,3100.0,140.0,95.67901234567901,4.320987654320987
EU27,2021,Historical,Cars,890000.0,880000.0,50.282485875706215,49.717514124293785
EU27,2021,Historical,Trucks,1400.0,26.0,98.17671809256662,1.8232819074333801
EU27,2021,Historical,Vans,45000.0,2100.0,95.54140127388536,4.45859872611465
EU27,2022,Historical,Buses,3600.0,72.0,98.0392156862745,1.9607843137254901
EU27,2022,Historical,Cars,1200000.0,900000.0,57.14285714285714,42.857142857142854
EU27,2022,Historical,Trucks,2500.0,24.0,99.04912836767036,0.9508716323296356
EU27,2022,Historical,Vans,64000.0,2600.0,96.09609609609609,3.903903903903904
EU27,2023,Historical,Buses,5200.0,160.0,97.01492537313433,2.9850746268656714
EU27,2023,Historical,Cars,1600000.0,850000.0,65.3061224489796,34.69387755102041
EU27,2023,Historical,Trucks,8200.0,38.0,99.53872299101724,0.46127700898276286
EU27,2023,Historical,Vans,110000.0,2200.0,98.0392156862745,1.9607843137254901
Estonia,2015,Historical,Cars,34.0,,100.0,
Estonia,2016,Historical,Cars,35.0,,100.0,
Estonia,2017,Historical,Cars,26.0,20.0,56.52173913043478,43.47826086956522
Estonia,2018,Historical,Cars,85.0,33.0,72.03389830508475,27.966101694915253
Estonia,2019,Historical,Cars,80.0,17.0,82.4742268041237,17.525773195876287
Estonia,2020,Historical,Cars,340.0,75.0,81.92771084337349,18.072289156626507
Estonia,2021,Historical,Cars,480.0,240.0,66.66666666666666,33.33333333333333
Estonia,2022,Historical,Cars,730.0,430.0,62.93103448275862,37.06896551724138
Estonia,2023,Historical,Cars,1400.0,560.0,71.42857142857143,28.57142857142857
Europe,2010,Historical,Buses,130.0,,100.0,
Europe,2010,Historical,Cars,1700.0,110.0,93.92265193370166,6.077348066298343
Europe,2010,Historical,Trucks,36.0,,100.0,
Europe,2010,Historical,Vans,1500.0,,100.0,
Europe,2011,Historical,Buses,38.0,,100.0,
Europe,2011,Historical,Cars,11000.0,410.0,96.40666082383873,3.5933391761612623
Europe,2011,Historical,Trucks,18.0,,100.0,
Europe,2011,Historical,Vans,2500.0,,100.0,
Europe,2012,Historical,Buses,68.0,,100.0,
Europe,2012,Historical,Cars,19000.0,9200.0,67.37588652482269,32.62411347517731
Europe,2012,Historical,Trucks,19.0,,100.0,
Europe,2012,Historical,Vans,7100.0,11.0,99.84531008297004,0.1546899170299536
Europe,2013,Historical,Buses,120.0,,100.0,
Europe,2013,Historical,Cars,33000.0,26000.0,55.932203389830505,44.06779661016949
Europe,2013,Historical,Trucks,24.0,,100.0,
Europe,2013,Historical,Vans,7300.0,5.0,99.9315537303217,0.06844626967830253
Europe,2014,Historical,Buses,310.0,2.0,99.35897435897436,0.641025641025641
Europe,2014,Historical,Cars,62000.0,34000.0,64.58333333333334,35.41666666666667
Europe,2014,Historical,Trucks,46.0,,100.0,
Europe,2014,Historical,Vans,8400.0,6.0,99.92862241256245,0.07137758743754462
Europe,2015,Historical,Buses,190.0,5.0,97.43589743589743,2.564102564102564
Europe,2015,Historical,Cars,89000.0,100000.0,47.08994708994709,52.910052910052904
Europe,2015,Historical,Trucks,30.0,,100.0,
Europe,2015,Historical,Vans,9800.0,200.0,98.0,2.0
Europe,2016,Historical,Buses,570.0,280.0,67.05882352941175,32.94117647058823
Europe,2016,Historical,Cars,93000.0,120000.0,43.66197183098591,56.33802816901409
Europe,2016,Historical,Trucks,62.0,,100.0,
Europe,2016,Historical,Vans,12000.0,160.0,98.68421052631578,1.3157894736842104
Europe,2017,Historical,Buses,480.0,52.0,90.22556390977444,9.774436090225564
Europe,2017,Historical,Cars,140000.0,160000.0,46.666666666666664,53.333333333333336
Europe,2017,Historical,Trucks,49.0,2.0,96.07843137254902,3.9215686274509802
Europe,2017,Historical,Vans,16000.0,120.0,99.25558312655087,0.7444168734491315
Europe,2018,Historical,Buses,780.0,140.0,84.78260869565217,15.217391304347828
Europe,2018,Historical,Cars,210000.0,190000.0,52.5,47.5
Europe,2018,Historical,Trucks,390.0,1.0,99.74424552429667,0.2557544757033248
Europe,2018,Historical,Vans,24000.0,190.0,99.21455146754857,0.7854485324514262
Europe,2019,Historical,Buses,1900.0,94.0,95.28585757271816,4.714142427281845
Europe,2019,Historical,Cars,370000.0,210000.0,63.793103448275865,36.206896551724135
Europe,2019,Historical,Trucks,860.0,1.0,99.88385598141696,0.11614401858304298
Europe,2019,Historical,Vans,29000.0,260.0,99.11141490088859,0.888585099111415
Europe,2020,Historical,Buses,2400.0,130.0,94.86166007905138,5.138339920948617
Europe,2020,Historical,Cars,760000.0,640000.0,54.285714285714285,45.714285714285715
Europe,2020,Historical,Trucks,1100.0,4.0,99.63768115942028,0.36231884057971014
Europe,2020,Historical,Vans,38000.0,1100.0,97.18670076726342,2.813299232736573
Europe,2021,Historical,Buses,3900.0,140.0,96.53465346534654,3.4653465346534658
Europe,2021,Historical,Cars,1200000.0,1100000.0,52.17391304347826,47.82608695652174
Europe,2021,Historical,Trucks,1700.0,26.0,98.4936268829664,1.5063731170336037
Europe,2021,Historical,Vans,60000.0,3500.0,94.48818897637796,5.511811023622047
Europe,2022,Historical,Buses,5000.0,73.0,98.56100926473486,1.438990735265129
Europe,2022,Historical,Cars,1600000.0,1100000.0,59.25925925925925,40.74074074074074
Europe,2022,Historical,Trucks,3700.0,24.0,99.35553168635876,0.644468313641246
Europe,2022,Historical,Vans,90000.0,3300.0,96.46302250803859,3.536977491961415
Europe,2023,Historical,Buses,8300.0,160.0,98.10874704491725,1.8912529550827424
Europe,2023,Historical,Cars,2200000.0,1100000.0,66.66666666666666,33.33333333333333
Europe,2023,Historical,Trucks,11000.0,38.0,99.65573473455336,0.3442652654466389
Europe,2023,Historical,Vans,150000.0,2400.0,98.4251968503937,1.574803149606299
Finland,2011,Historical,Cars,30.0,,100.0,
Finland,2012,Historical,Cars,51.0,130.0,28.176795580110497,71.8232044198895
Finland,2013,Historical,Cars,50.0,170.0,22.727272727272727,77.27272727272727
Finland,2014,Historical,Cars,180.0,260.0,40.909090909090914,59.09090909090909
Finland,2015,Historical,Cars,240.0,420.0,36.36363636363637,63.63636363636363
Finland,2016,Historical,Cars,220.0,1200.0,15.492957746478872,84.50704225352112
Finland,2017,Historical,Buses,2.0,,100.0,
Finland,2017,Historical,Cars,500.0,2600.0,16.129032258064516,83.87096774193549
Finland,2017,Historical,Trucks,2.0,,100.0,
Finland,2017,Historical,Vans,49.0,,100.0,
Finland,2018,Historical,Buses,1.0,,100.0,
Finland,2018,Historical,Cars,780.0,4900.0,13.732394366197184,86.26760563380282
Finland,2018,Historical,Vans,55.0,,100.0,
Finland,2019,Historical,Buses,40.0,,100.0,
Finland,2019,Historical,Cars,1900.0,6000.0,24.050632911392405,75.9493670886076
Finland,2019,Historical,Trucks,2.0,,100.0,
Finland,2019,Historical,Vans,60.0,,100.0,
Finland,2020,Historical,Buses,25.0,,100.0,
Finland,2020,Historical,Cars,4200.0,13000.0,24.418604651162788,75.5813953488372
Finland,2020,Historical,Trucks,5.0,,100.0,
Finland,2020,Historical,Vans,170.0,39.0,81.3397129186603,18.660287081339714
Finland,2021,Historical,Buses,190.0,,100.0,
Finland,2021,Historical,Cars,10000.0,20000.0,33.33333333333333,66.66666666666666
Finland,2021,Historical,Trucks,3.0,,100.0,
Finland,2021,Historical,Vans,340.0,38.0,89.94708994708994,10.052910052910052
Finland,2022,Historical,Buses,280.0,,100.0,
Finland,2022,Historical,Cars,15000.0,16000.0,48.38709677419355,51.61290322580645
Finland,2022,Historical,Trucks,19.0,,100.0,
Finland,2022,Historical,Vans,680.0,27.0,96.18104667609619,3.818953323903819
Finland,2023,Historical,Buses,110.0,,100.0,
Finland,2023,Historical,Cars,30000.0,18000.0,62.5,37.5
Finland,2023,Historical,Trucks,76.0,,100.0,
Finland,2023,Historical,Vans,1600.0,14.0,99.13258983890955,0.8674101610904585
France,2010,Historical,Buses,16.0,,100.0,
France,2010,Historical,Cars,190.0,82.0,69.85294117647058,30.14705882352941
France,2010,Historical,Trucks,21.0,,100.0,
France,2010,Historical,Vans,800.0,,100.0,
France,2011,Historical,Buses,21.0,,100.0,
France,2011,Historical,Cars,2600.0,56.0,97.89156626506023,2.108433734939759
France,2011,Historical,Trucks,8.0,,100.0,
France,2011,Historical,Vans,1700.0,,100.0,
France,2012,Historical,Buses,25.0,,100.0,
France,2012,Historical,Cars,5700.0,660.0,89.62264150943396,10.377358490566039
France,2012,Historical,Trucks,6.0,,100.0,
France,2012,Historical,Vans,3600.0,,100.0,
France,2013,Historical,Buses,24.0,,100.0,
France,2013,Historical,Cars,8900.0,850.0,91.28205128205128,8.717948717948717
France,2013,Historical,Trucks,7.0,,100.0,
France,2013,Historical,Vans,5100.0,,100.0,
France,2014,Historical,Buses,40.0,,100.0,
France,2014,Historical,Cars,11000.0,2100.0,83.96946564885496,16.030534351145036
France,2014,Historical,Trucks,12.0,,100.0,
France,2014,Historical,Vans,4500.0,,100.0,
France,2015,Historical,Buses,51.0,,100.0,
France,2015,Historical,Cars,18000.0,5800.0,75.63025210084034,24.369747899159663
France,2015,Historical,Trucks,1.0,,100.0,
France,2015,Historical,Vans,4900.0,10.0,99.79633401221996,0.20366598778004072
France,2016,Historical,Buses,74.0,1.0,98.66666666666667,1.3333333333333335
France,2016,Historical,Cars,23000.0,7600.0,75.16339869281046,24.836601307189543
France,2016,Historical,Trucks,6.0,,100.0,
France,2016,Historical,Vans,5500.0,,100.0,
France,2017,Historical,Buses,17.0,,100.0,
France,2017,Historical,Cars,26000.0,12000.0,68.42105263157895,31.57894736842105
France,2017,Historical,Trucks,16.0,,100.0,
France,2017,Historical,Vans,6000.0,,100.0,
France,2018,Historical,Buses,95.0,,100.0,
France,2018,Historical,Cars,33000.0,15000.0,68.75,31.25
France,2018,Historical,Trucks,26.0,,100.0,
France,2018,Historical,Vans,8200.0,,100.0,
France,2019,Historical,Buses,280.0,,100.0,
France,2019,Historical,Cars,45000.0,19000.0,70.3125,29.6875
France,2019,Historical,Trucks,21.0,,100.0,
France,2019,Historical,Vans,8100.0,4.0,99.95064165844028,0.04935834155972359
France,2020,Historical,Buses,180.0,,100.0,
France,2020,Historical,Cars,110000.0,75000.0,59.45945945945946,40.54054054054054
France,2020,Historical,Trucks,15.0,,100.0,
France,2020,Historical,Vans,9200.0,,100.0,
France,2021,Historical,Buses,620.0,,100.0,
France,2021,Historical,Cars,170000.0,140000.0,54.83870967741935,45.16129032258064
France,2021,Historical,Trucks,29.0,10.0,74.35897435897436,25.64102564102564
France,2021,Historical,Vans,12000.0,800.0,93.75,6.25
France,2022,Historical,Buses,800.0,2.0,99.75062344139651,0.24937655860349126
France,2022,Historical,Cars,210000.0,130000.0,61.76470588235294,38.23529411764706
France,2022,Historical,Trucks,380.0,,100.0,
France,2022,Historical,Vans,16000.0,520.0,96.85230024213075,3.14769975786925
France,2023,Historical,Buses,740.0,,100.0,
France,2023,Historical,Cars,310000.0,160000.0,65.95744680851064,34.04255319148936
France,2023,Historical,Trucks,3200.0,,100.0,
France,2023,Historical,Vans,30000.0,220.0,99.27200529450695,0.727994705493051
Germany,2010,Historical,Cars,140.0,,100.0,
Germany,2010,Historical,Vans,170.0,,100.0,
Germany,2011,Historical,Cars,1400.0,240.0,85.36585365853658,14.634146341463413
Germany,2011,Historical,Vans,280.0,,100.0,
Germany,2012,Historical,Cars,2200.0,1200.0,64.70588235294117,35.294117647058826
Germany,2012,Historical,Vans,950.0,,100.0,
Germany,2013,Historical,Cars,5200.0,1600.0,76.47058823529412,23.52941176470588
Germany,2013,Historical,Vans,600.0,2.0,99.66777408637874,0.33222591362126247
Germany,2014,Historical,Cars,9100.0,4400.0,67.4074074074074,32.592592592592595
Germany,2014,Historical,Vans,720.0,,100.0,
Germany,2015,Historical,Cars,12000.0,11000.0,52.17391304347826,47.82608695652174
Germany,2015,Historical,Vans,1000.0,2.0,99.8003992015968,0.19960079840319359
Germany,2016,Historical,Buses,110.0,120.0,47.82608695652174,52.17391304347826
Germany,2016,Historical,Cars,11000.0,13000.0,45.83333333333333,54.166666666666664
Germany,2016,Historical,Vans,2400.0,,100.0,
Germany,2017,Historical,Buses,29.0,,100.0,
Germany,2017,Historical,Cars,25000.0,29000.0,46.2962962962963,53.70370370370371
Germany,2017,Historical,Vans,4500.0,,100.0,
Germany,2018,Historical,Buses,43.0,,100.0,
Germany,2018,Historical,Cars,36000.0,31000.0,53.73134328358209,46.26865671641791
Germany,2018,Historical,Trucks,280.0,,100.0,
Germany,2018,Historical,Vans,6000.0,,100.0,
Germany,2019,Historical,Buses,190.0,,100.0,
Germany,2019,Historical,Cars,63000.0,45000.0,58.333333333333336,41.66666666666667
Germany,2019,Historical,Trucks,620.0,,100.0,
Germany,2019,Historical,Vans,6700.0,,100.0,
Germany,2020,Historical,Buses,390.0,,100.0,
Germany,2020,Historical,Cars,190000.0,200000.0,48.717948717948715,51.28205128205128
Germany,2020,Historical,Trucks,860.0,,100.0,
Germany,2020,Historical,Vans,8800.0,180.0,97.9955456570156,2.0044543429844097
Germany,2021,Historical,Buses,610.0,5.0,99.1869918699187,0.8130081300813009
Germany,2021,Historical,Cars,360000.0,330000.0,52.17391304347826,47.82608695652174
Germany,2021,Historical,Trucks,1000.0,,100.0,
Germany,2021,Historical,Vans,13000.0,310.0,97.6709241172051,2.329075882794891
Germany,2022,Historical,Buses,630.0,15.0,97.67441860465115,2.3255813953488373
Germany,2022,Historical,Cars,470000.0,360000.0,56.62650602409639,43.373493975903614
Germany,2022,Historical,Trucks,1100.0,,100.0,
Germany,2022,Historical,Vans,18000.0,770.0,95.89770911028236,4.102290889717635
Germany,2023,Historical,Buses,840.0,5.0,99.40828402366864,0.591715976331361
Germany,2023,Historical,Cars,520000.0,180000.0,74.28571428571429,25.71428571428571
Germany,2023,Historical,Trucks,2200.0,4.0,99.8185117967332,0.18148820326678766
Germany,2023,Historical,Vans,25000.0,360.0,98.58044164037855,1.4195583596214512
Greece,2013,Historical,Cars,3.0,,100.0,
Greece,2014,Historical,Cars,39.0,,100.0,
Greece,2015,Historical,Cars,35.0,22.0,61.40350877192983,38.59649122807017
Greece,2016,Historical,Cars,41.0,56.0,42.2680412371134,57.73195876288659
Greece,2017,Historical,Cars,50.0,140.0,26.31578947368421,73.68421052631578
Greece,2018,Historical,Cars,88.0,210.0,29.53020134228188,70.46979865771812
Greece,2019,Historical,Cars,190.0,290.0,39.58333333333333,60.416666666666664
Greece,2020,Historical,Cars,680.0,1500.0,31.19266055045872,68.80733944954129
Greece,2021,Historical,Cars,2200.0,4800.0,31.428571428571427,68.57142857142857
Greece,2022,Historical,Cars,2800.0,5500.0,33.734939759036145,66.26506024096386
Greece,2023,Historical,Cars,7000.0,10000.0,41.17647058823529,58.82352941176471
Hungary,2015,Historical,Cars,120.0,15.0,88.88888888888889,11.11111111111111
Hungary,2016,Historical,Cars,170.0,170.0,50.0,50.0
Hungary,2017,Historical,Cars,750.0,440.0,63.02521008403361,36.97478991596639
Hungary,2018,Historical,Cars,1300.0,770.0,62.80193236714976,37.19806763285024
Hungary,2019,Historical,Cars,1800.0,1100.0,62.06896551724138,37.93103448275862
Hungary,2020,Historical,Cars,3000.0,3000.0,50.0,50.0
Hungary,2021,Historical,Cars,4300.0,4200.0,50.588235294117645,49.411764705882355
Hungary,2022,Historical,Cars,4700.0,4900.0,48.95833333333333,51.041666666666664
Hungary,2023,Historical,Cars,5800.0,5500.0,51.32743362831859,48.67256637168141
Iceland,2012,Historical,Cars,17.0,9.0,65.38461538461539,34.61538461538461
Iceland,2013,Historical,Cars,80.0,23.0,77.66990291262135,22.330097087378643
Iceland,2014,Historical,Cars,200.0,29.0,87.33624454148472,12.663755458515283
Iceland,2015,Historical,Cars,390.0,170.0,69.64285714285714,30.357142857142854
Iceland,2016,Historical,Cars,380.0,780.0,32.758620689655174,67.24137931034483
Iceland,2017,Historical,Cars,840.0,2200.0,27.631578947368425,72.36842105263158
Iceland,2018,Historical,Cars,780.0,2900.0,21.195652173913043,78.80434782608695
Iceland,2019,Historical,Cars,1100.0,2000.0,35.483870967741936,64.51612903225806
Iceland,2020,Historical,Cars,2500.0,2400.0,51.02040816326531,48.97959183673469
Iceland,2021,Historical,Cars,4200.0,4900.0,46.15384615384615,53.84615384615385
Iceland,2022,Historical,Cars,6900.0,5100.0,57.49999999999999,42.5
Iceland,2023,Historical,Cars,10000.0,2400.0,80.64516129032258,19.35483870967742
India,2010,Historical,Cars,450.0,,100.0,
India,2011,Historical,Cars,1400.0,,100.0,
India,2012,Historical,Cars,190.0,,100.0,
India,2013,Historical,Cars,410.0,,100.0,
India,2014,Historical,Cars,1000.0,,100.0,
India,2015,Historical,Buses,100.0,,100.0,
India,2015,Historical,Cars,450.0,,100.0,
India,2016,Historical,Buses,25.0,,100.0,
India,2016,Historical,Cars,730.0,,100.0,
India,2016,Historical,Vans,180.0,,100.0,
India,2017,Historical,Buses,20.0,,100.0,
India,2017,Historical,Cars,920.0,,100.0,
India,2017,Historical,Vans,1200.0,,100.0,
India,2018,Historical,Buses,210.0,,100.0,
India,2018,Historical,Cars,920.0,,100.0,
India,2018,Historical,Vans,1500.0,,100.0,
India,2019,Historical,Buses,460.0,,100.0,
India,2019,Historical,Cars,680.0,7.0,98.98107714701602,1.0189228529839884
India,2019,Historical,Vans,790.0,,100.0,
India,2020,Historical,Buses,2200.0,,100.0,
India,2020,Historical,Cars,3100.0,43.0,98.63188036907414,1.368119630925867
India,2020,Historical,Vans,1000.0,,100.0,
India,2021,Historical,Buses,1200.0,,100.0,
India,2021,Historical,Cars,12000.0,50.0,99.5850622406639,0.4149377593360996
India,2021,Historical,Vans,1700.0,,100.0,
India,2022,Historical,Buses,2000.0,,100.0,
India,2022,Historical,Cars,48000.0,23.0,99.95210628240635,0.04789371759365304
India,2022,Historical,Vans,510.0,,100.0,
India,2023,Historical,Buses,2300.0,,100.0,
India,2023,Historical,Cars,82000.0,270.0,99.67181232527045,0.3281876747295491
India,2023,Historical,Vans,350.0,,100.0,
Ireland,2015,Historical,Cars,470.0,120.0,79.66101694915254,20.33898305084746
Ireland,2016,Historical,Cars,390.0,300.0,56.52173913043478,43.47826086956522
Ireland,2017,Historical,Cars,620.0,330.0,65.26315789473685,34.73684210526316
Ireland,2018,Historical,Cars,1200.0,740.0,61.855670103092784,38.144329896907216
Ireland,2019,Historical,Cars,3400.0,1300.0,72.3404255319149,27.659574468085108
Ireland,2020,Historical,Cars,4000.0,2500.0,61.53846153846154,38.46153846153847
Ireland,2021,Historical,Cars,8600.0,7900.0,52.121212121212125,47.878787878787875
Ireland,2022,Historical,Cars,16000.0,7700.0,67.51054852320675,32.48945147679325
Ireland,2023,Historical,Cars,23000.0,10000.0,69.6969696969697,30.303030303030305
Israel,2011,Historical,Cars,3.0,,100.0,
Israel,2012,Historical,Cars,600.0,1.0,99.83361064891847,0.16638935108153077
Israel,2013,Historical,Buses,0.001000000047497,,100.0,
Israel,2013,Historical,Cars,460.0,17.0,96.43605870020964,3.563941299790356
Israel,2014,Historical,Cars,6.0,52.0,10.344827586206897,89.65517241379311
Israel,2015,Historical,Cars,3.0,65.0,4.411764705882353,95.58823529411765
Israel,2016,Historical,Buses,5.0,,100.0,
Israel,2016,Historical,Cars,5.0,63.0,7.352941176470589,92.64705882352942
Israel,2017,Historical,Buses,40.0,,100.0,
Israel,2017,Historical,Cars,130.0,1500.0,7.975460122699387,92.02453987730061
Israel,2018,Historical,Buses,23.0,,100.0,
Israel,2018,Historical,Cars,130.0,3600.0,3.485254691689008,96.51474530831099
Israel,2019,Historical,Buses,16.0,,100.0,
Israel,2019,Historical,Cars,850.0,3900.0,17.894736842105264,82.10526315789474
Israel,2020,Historical,Buses,24.0,,100.0,
Israel,2020,Historical,Cars,1500.0,5400.0,21.73913043478261,78.26086956521739
Israel,2020,Historical,Vans,45.0,,100.0,
Israel,2021,Historical,Buses,33.0,,100.0,
Israel,2021,Historical,Cars,11000.0,13000.0,45.83333333333333,54.166666666666664
Israel,2021,Historical,Vans,76.0,2.0,97.43589743589743,2.564102564102564
Israel,2022,Historical,Buses,480.0,,100.0,
Israel,2022,Historical,Cars,27000.0,16000.0,62.7906976744186,37.2093023255814
Israel,2022,Historical,Vans,87.0,18.0,82.85714285714286,17.142857142857142
Israel,2023,Historical,Buses,450.0,,100.0,
Israel,2023,Historical,Cars,49000.0,16000.0,75.38461538461539,24.615384615384617
Israel,2023,Historical,Vans,90.0,,100.0,
Italy,2010,Historical,Cars,40.0,,100.0,
Italy,2010,Historical,Vans,210.0,,100.0,
Italy,2011,Historical,Cars,110.0,,100.0,
Italy,2011,Historical,Vans,84.0,,100.0,
Italy,2012,Historical,Cars,460.0,,100.0,
Italy,2012,Historical,Vans,360.0,3.0,99.17355371900827,0.8264462809917356
Italy,2013,Historical,Cars,860.0,180.0,82.6923076923077,17.307692307692307
Italy,2013,Historical,Vans,180.0,1.0,99.4475138121547,0.5524861878453038
Italy,2014,Historical,Cars,1000.0,340.0,74.6268656716418,25.37313432835821
Italy,2014,Historical,Vans,270.0,,100.0,
Italy,2015,Historical,Cars,1500.0,740.0,66.96428571428571,33.035714285714285
Italy,2015,Historical,Vans,420.0,,100.0,
Italy,2016,Historical,Buses,38.0,,100.0,
Italy,2016,Historical,Cars,1400.0,1300.0,51.85185185185185,48.148148148148145
Italy,2016,Historical,Vans,780.0,,100.0,
Italy,2017,Historical,Buses,29.0,,100.0,
Italy,2017,Historical,Cars,2000.0,2900.0,40.816326530612244,59.183673469387756
Italy,2017,Historical,Vans,500.0,2.0,99.60159362549801,0.398406374501992
Italy,2018,Historical,Buses,60.0,,100.0,
Italy,2018,Historical,Cars,5000.0,4700.0,51.546391752577314,48.45360824742268
Italy,2018,Historical,Vans,640.0,,100.0,
Italy,2019,Historical,Buses,65.0,,100.0,
Italy,2019,Historical,Cars,11000.0,6500.0,62.857142857142854,37.142857142857146
Italy,2019,Historical,Vans,1000.0,,100.0,
Italy,2020,Historical,Buses,97.0,,100.0,
Italy,2020,Historical,Cars,33000.0,27000.0,55.00000000000001,45.0
Italy,2020,Historical,Vans,1200.0,53.0,95.77015163607342,4.2298483639265765
Italy,2021,Historical,Buses,180.0,,100.0,
Italy,2021,Historical,Cars,67000.0,71000.0,48.55072463768116,51.449275362318836
Italy,2021,Historical,Vans,3100.0,380.0,89.08045977011494,10.919540229885058
Italy,2022,Historical,Buses,120.0,,100.0,
Italy,2022,Historical,Cars,49000.0,65000.0,42.98245614035088,57.01754385964912
Italy,2022,Historical,Vans,4100.0,610.0,87.04883227176221,12.951167728237792
Italy,2023,Historical,Buses,410.0,,100.0,
Italy,2023,Historical,Cars,66000.0,70000.0,48.529411764705884,51.470588235294116
Italy,2023,Historical,Vans,7200.0,1000.0,87.8048780487805,12.195121951219512
Japan,2010,Historical,Cars,2400.0,,100.0,
Japan,2011,Historical,Buses,2.0,,100.0,
Japan,2011,Historical,Cars,13000.0,15.0,99.88474836726854,0.11525163273146369
Japan,2011,Historical,Vans,850.0,,100.0,
Japan,2012,Historical,Buses,4.0,,100.0,
Japan,2012,Historical,Cars,13000.0,11000.0,54.166666666666664,45.83333333333333
Japan,2012,Historical,Vans,2500.0,,100.0,
Japan,2013,Historical,Buses,7.0,,100.0,
Japan,2013,Historical,Cars,15000.0,14000.0,51.724137931034484,48.275862068965516
Japan,2013,Historical,Vans,2100.0,,100.0,
Japan,2014,Historical,Buses,6.0,,100.0,
Japan,2014,Historical,Cars,16000.0,16000.0,50.0,50.0
Japan,2014,Historical,Vans,1000.0,,100.0,
Japan,2015,Historical,Buses,2.0,,100.0,
Japan,2015,Historical,Cars,10000.0,14000.0,41.66666666666667,58.333333333333336
Japan,2015,Historical,Vans,830.0,,100.0,
Japan,2016,Historical,Buses,8.0,,100.0,
Japan,2016,Historical,Cars,15000.0,9400.0,61.47540983606557,38.52459016393443
Japan,2016,Historical,Vans,320.0,,100.0,
Japan,2017,Historical,Buses,10.0,,100.0,
Japan,2017,Historical,Cars,18000.0,36000.0,33.33333333333333,66.66666666666666
Japan,2017,Historical,Vans,320.0,,100.0,
Japan,2018,Historical,Buses,10.0,,100.0,
Japan,2018,Historical,Cars,27000.0,23000.0,54.0,46.0
Japan,2018,Historical,Trucks,5.0,,100.0,
Japan,2018,Historical,Vans,280.0,,100.0,
Japan,2019,Historical,Buses,8.0,,100.0,
Japan,2019,Historical,Cars,21000.0,18000.0,53.84615384615385,46.15384615384615
Japan,2019,Historical,Trucks,50.0,,100.0,
Japan,2019,Historical,Vans,520.0,,100.0,
Japan,2020,Historical,Buses,10.0,,100.0,
Japan,2020,Historical,Cars,15000.0,15000.0,50.0,50.0
Japan,2020,Historical,Trucks,35.0,,100.0,
Japan,2020,Historical,Vans,1500.0,,100.0,
Japan,2021,Historical,Buses,32.0,,100.0,
Japan,2021,Historical,Cars,22000.0,23000.0,48.888888888888886,51.11111111111111
Japan,2021,Historical,Trucks,3.0,,100.0,
Japan,2021,Historical,Vans,920.0,,100.0,
Japan,2022,Historical,Buses,20.0,,100.0,
Japan,2022,Historical,Cars,59000.0,38000.0,60.824742268041234,39.175257731958766
Japan,2022,Historical,Trucks,10.0,,100.0,
Japan,2022,Historical,Vans,1600.0,,100.0,
Japan,2023,Historical,Buses,69.0,,100.0,
Japan,2023,Historical,Cars,88000.0,52000.0,62.857142857142854,37.142857142857146
Japan,2023,Historical,Trucks,50.0,,100.0,
Japan,2023,Historical,Vans,2800.0,,100.0,
Korea,2010,Historical,Buses,5.0,,100.0,
Korea,2010,Historical,Cars,61.0,,100.0,
Korea,2011,Historical,Buses,4.0,,100.0,
Korea,2011,Historical,Cars,270.0,,100.0,
Korea,2012,Historical,Buses,2.0,,100.0,
Korea,2012,Historical,Cars,510.0,,100.0,
Korea,2013,Historical,Buses,6.0,,100.0,
Korea,2013,Historical,Cars,600.0,,100.0,
Korea,2014,Historical,Buses,3.0,,100.0,
Korea,2014,Historical,Cars,1300.0,,100.0,
Korea,2015,Historical,Buses,2.0,,100.0,
Korea,2015,Historical,Cars,3100.0,250.0,92.53731343283582,7.462686567164178
Korea,2015,Historical,Vans,18.0,,100.0,
Korea,2016,Historical,Buses,30.0,,100.0,
Korea,2016,Historical,Cars,4700.0,330.0,93.43936381709742,6.560636182902585
Korea,2016,Historical,Vans,14.0,,100.0,
Korea,2017,Historical,Cars,14000.0,670.0,95.4328561690525,4.567143830947512
Korea,2018,Historical,Buses,50.0,,100.0,
Korea,2018,Historical,Cars,55000.0,4400.0,92.5925925925926,7.4074074074074066
Korea,2018,Historical,Vans,300.0,,100.0,
Korea,2019,Historical,Buses,110.0,,100.0,
Korea,2019,Historical,Cars,33000.0,2700.0,92.43697478991596,7.563025210084033
Korea,2019,Historical,Vans,1500.0,,100.0,
Korea,2020,Historical,Buses,700.0,,100.0,
Korea,2020,Historical,Cars,31000.0,8700.0,78.08564231738035,21.91435768261965
Korea,2020,Historical,Vans,15000.0,,100.0,
Korea,2021,Historical,Buses,340.0,,100.0,
Korea,2021,Historical,Cars,72000.0,19000.0,79.12087912087912,20.87912087912088
Korea,2021,Historical,Vans,29000.0,,100.0,
Korea,2022,Historical,Buses,640.0,,100.0,
Korea,2022,Historical,Cars,120000.0,11000.0,91.6030534351145,8.396946564885496
Korea,2022,Historical,Vans,36000.0,,100.0,
Korea,2023,Historical,Buses,2500.0,,100.0,
Korea,2023,Historical,Cars,120000.0,12000.0,90.9090909090909,9.090909090909092
Korea,2023,Historical,Vans,41000.0,,100.0,
Latvia,2015,Historical,Cars,17.0,9.0,65.38461538461539,34.61538461538461
Latvia,2016,Historical,Cars,22.0,18.0,55.00000000000001,45.0
Latvia,2017,Historical,Cars,22.0,18.0,55.00000000000001,45.0
Latvia,2018,Historical,Cars,73.0,17.0,81.11111111111111,18.88888888888889
Latvia,2019,Historical,Cars,86.0,12.0,87.75510204081633,12.244897959183673
Latvia,2020,Historical,Cars,310.0,73.0,80.93994778067885,19.06005221932115
Latvia,2021,Historical,Cars,410.0,140.0,74.54545454545455,25.454545454545453
Latvia,2022,Historical,Cars,1100.0,300.0,78.57142857142857,21.428571428571427
Latvia,2023,Historical,Cars,1700.0,360.0,82.52427184466019,17.475728155339805
Lithuania,2015,Historical,Cars,37.0,,100.0,
Lithuania,2016,Historical,Cars,64.0,,100.0,
Lithuania,2017,Historical,Cars,52.0,,100.0,
Lithuania,2018,Historical,Cars,140.0,,100.0,
Lithuania,2019,Historical,Cars,160.0,,100.0,
Lithuania,2020,Historical,Cars,450.0,,100.0,
Lithuania,2021,Historical,Cars,1200.0,400.0,75.0,25.0
Lithuania,2022,Historical,Cars,1400.0,670.0,67.6328502415459,32.367149758454104
Lithuania,2023,Historical,Cars,2100.0,,100.0,
Luxembourg,2019,Historical,Cars,990.0,910.0,52.10526315789473,47.89473684210526
Luxembourg,2020,Historical,Cars,2500.0,2700.0,48.07692307692308,51.92307692307693
Luxembourg,2021,Historical,Cars,4600.0,4400.0,51.11111111111111,48.888888888888886
Luxembourg,2022,Historical,Cars,6400.0,3800.0,62.745098039215684,37.254901960784316
Luxembourg,2023,Historical,Cars,11000.0,4800.0,69.62025316455697,30.37974683544304
Mexico,2011,Historical,Cars,3.0,,100.0,
Mexico,2012,Historical,Cars,88.0,,100.0,
Mexico,2013,Historical,Cars,12.0,,100.0,
Mexico,2014,Historical,Cars,48.0,,100.0,
Mexico,2015,Historical,Cars,92.0,7.0,92.92929292929293,7.07070707070707
Mexico,2016,Historical,Cars,250.0,520.0,32.467532467532465,67.53246753246754
Mexico,2017,Historical,Cars,230.0,970.0,19.166666666666668,80.83333333333333
Mexico,2018,Historical,Cars,200.0,1600.0,11.11111111111111,88.88888888888889
Mexico,2019,Historical,Cars,290.0,1400.0,17.159763313609467,82.84023668639054
Mexico,2020,Historical,Cars,1800.0,2000.0,47.368421052631575,52.63157894736842
Mexico,2021,Historical,Cars,3000.0,3500.0,46.15384615384615,53.84615384615385
Mexico,2022,Historical,Cars,4400.0,4000.0,52.38095238095239,47.61904761904761
Mexico,2023,Historical,Cars,13000.0,2200.0,85.52631578947368,14.473684210526317
Netherlands,2010,Historical,Cars,120.0,,100.0,
Netherlands,2010,Historical,Vans,39.0,,100.0,
Netherlands,2011,Historical,Cars,860.0,17.0,98.06157354618016,1.9384264538198404
Netherlands,2011,Historical,Vans,72.0,,100.0,
Netherlands,2012,Historical,Cars,790.0,4300.0,15.520628683693516,84.47937131630648
Netherlands,2012,Historical,Vans,340.0,,100.0,
Netherlands,2013,Historical,Buses,5.0,,100.0,
Netherlands,2013,Historical,Cars,2600.0,20000.0,11.504424778761061,88.49557522123894
Netherlands,2013,Historical,Vans,180.0,,100.0,
Netherlands,2014,Historical,Buses,7.0,,100.0,
Netherlands,2014,Historical,Cars,2700.0,12000.0,18.367346938775512,81.63265306122449
Netherlands,2014,Historical,Vans,590.0,,100.0,
Netherlands,2015,Historical,Buses,12.0,,100.0,
Netherlands,2015,Historical,Cars,3400.0,39000.0,8.018867924528301,91.98113207547169
Netherlands,2015,Historical,Trucks,4.0,,100.0,
Netherlands,2015,Historical,Vans,260.0,,100.0,
Netherlands,2016,Historical,Buses,80.0,,100.0,
Netherlands,2016,Historical,Cars,4000.0,18000.0,18.181818181818183,81.81818181818183
Netherlands,2016,Historical,Trucks,26.0,,100.0,
Netherlands,2016,Historical,Vans,290.0,,100.0,
Netherlands,2017,Historical,Buses,150.0,,100.0,
Netherlands,2017,Historical,Cars,8700.0,2500.0,77.67857142857143,22.321428571428573
Netherlands,2017,Historical,Trucks,18.0,2.0,90.0,10.0
Netherlands,2017,Historical,Vans,650.0,,100.0,
Netherlands,2018,Historical,Buses,110.0,,100.0,
Netherlands,2018,Historical,Cars,25000.0,5100.0,83.05647840531562,16.943521594684384
Netherlands,2018,Historical,Trucks,30.0,1.0,96.7741935483871,3.225806451612903
Netherlands,2018,Historical,Vans,1000.0,,100.0,
Netherlands,2019,Historical,Buses,380.0,,100.0,
Netherlands,2019,Historical,Cars,63000.0,6700.0,90.38737446197992,9.612625538020087
Netherlands,2019,Historical,Trucks,130.0,1.0,99.23664122137404,0.7633587786259541
Netherlands,2019,Historical,Vans,1400.0,,100.0,
Netherlands,2020,Historical,Buses,450.0,,100.0,
Netherlands,2020,Historical,Cars,76000.0,18000.0,80.85106382978722,19.148936170212767
Netherlands,2020,Historical,Trucks,50.0,3.0,94.33962264150944,5.660377358490567
Netherlands,2020,Historical,Vans,1700.0,33.0,98.09578765147144,1.9042123485285631
Netherlands,2021,Historical,Buses,150.0,,100.0,
Netherlands,2021,Historical,Cars,70000.0,40000.0,63.63636363636363,36.36363636363637
Netherlands,2021,Historical,Trucks,71.0,16.0,81.60919540229885,18.39080459770115
Netherlands,2021,Historical,Vans,3300.0,46.0,98.6252241482367,1.3747758517632995
Netherlands,2022,Historical,Buses,99.0,,100.0,
Netherlands,2022,Historical,Cars,87000.0,50000.0,63.503649635036496,36.496350364963504
Netherlands,2022,Historical,Trucks,120.0,17.0,87.59124087591242,12.408759124087592
Netherlands,2022,Historical,Vans,5000.0,35.0,99.30486593843099,0.6951340615690168
Netherlands,2023,Historical,Buses,180.0,,100.0,
Netherlands,2023,Historical,Cars,130000.0,80000.0,61.904761904761905,38.095238095238095
Netherlands,2023,Historical,Trucks,1200.0,26.0,97.87928221859707,2.1207177814029365
Netherlands,2023,Historical,Vans,10000.0,90.0,99.10802775024777,0.8919722497522299
New Zealand,2010,Historical,Cars,10.0,,100.0,
New Zealand,2011,Historical,Buses,2.0,,100.0,
New Zealand,2011,Historical,Cars,13.0,2.0,86.66666666666667,13.333333333333334
New Zealand,2012,Historical,Buses,1.0,,100.0,
New Zealand,2012,Historical,Cars,22.0,5.0,81.48148148148148,18.51851851851852
New Zealand,2013,Historical,Cars,30.0,6.0,83.33333333333334,16.666666666666664
New Zealand,2014,Historical,Cars,110.0,210.0,34.375,65.625
New Zealand,2015,Historical,Cars,300.0,200.0,60.0,40.0
New Zealand,2016,Historical,Cars,1200.0,340.0,77.92207792207793,22.07792207792208
New Zealand,2017,Historical,Buses,1.0,,100.0,
New Zealand,2017,Historical,Cars,2900.0,540.0,84.30232558139535,15.69767441860465
New Zealand,2018,Historical,Buses,11.0,,100.0,
New Zealand,2018,Historical,Cars,4400.0,1200.0,78.57142857142857,21.428571428571427
New Zealand,2019,Historical,Buses,13.0,,100.0,
New Zealand,2019,Historical,Cars,5300.0,1600.0,76.81159420289855,23.18840579710145
New Zealand,2019,Historical,Vans,70.0,,100.0,
New Zealand,2020,Historical,Buses,17.0,,100.0,
New Zealand,2020,Historical,Cars,3900.0,1500.0,72.22222222222221,27.77777777777778
New Zealand,2020,Historical,Vans,78.0,1.0,98.73417721518987,1.2658227848101267
New Zealand,2021,Historical,Buses,75.0,1.0,98.68421052631578,1.3157894736842104
New Zealand,2021,Historical,Cars,6800.0,3500.0,66.01941747572816,33.980582524271846
New Zealand,2021,Historical,Vans,140.0,22.0,86.41975308641975,13.580246913580247
New Zealand,2022,Historical,Buses,110.0,,100.0,
New Zealand,2022,Historical,Cars,19000.0,9200.0,67.37588652482269,32.62411347517731
New Zealand,2022,Historical,Vans,420.0,50.0,89.36170212765957,10.638297872340425
New Zealand,2023,Historical,Buses,100.0,,100.0,
New Zealand,2023,Historical,Cars,26000.0,12000.0,68.42105263157895,31.57894736842105
New Zealand,2023,Historical,Vans,500.0,15.0,97.0873786407767,2.912621359223301
Norway,2010,Historical,Cars,360.0,,100.0,
Norway,2010,Historical,Vans,1.0,,100.0,
Norway,2011,Historical,Cars,2000.0,,100.0,
Norway,2011,Historical,Vans,42.0,,100.0,
Norway,2012,Historical,Cars,3900.0,320.0,92.41706161137441,7.5829383886255926
Norway,2012,Historical,Vans,61.0,,100.0,
Norway,2013,Historical,Cars,7900.0,340.0,95.87378640776699,4.12621359223301
Norway,2013,Historical,Vans,340.0,,100.0,
Norway,2014,Historical,Cars,20000.0,1700.0,92.16589861751152,7.834101382488479
Norway,2014,Historical,Vans,560.0,,100.0,
Norway,2015,Historical,Cars,26000.0,7900.0,76.69616519174042,23.303834808259587
Norway,2015,Historical,Vans,710.0,,100.0,
Norway,2016,Historical,Buses,13.0,,100.0,
Norway,2016,Historical,Cars,24000.0,21000.0,53.333333333333336,46.666666666666664
Norway,2016,Historical,Vans,640.0,,100.0,
Norway,2017,Historical,Buses,18.0,,100.0,
Norway,2017,Historical,Cars,33000.0,29000.0,53.2258064516129,46.774193548387096
Norway,2017,Historical,Trucks,2.0,,100.0,
Norway,2017,Historical,Vans,770.0,,100.0,
Norway,2018,Historical,Buses,12.0,,100.0,
Norway,2018,Historical,Cars,46000.0,27000.0,63.013698630136986,36.986301369863014
Norway,2018,Historical,Vans,1800.0,,100.0,
Norway,2019,Historical,Buses,160.0,,100.0,
Norway,2019,Historical,Cars,60000.0,19000.0,75.9493670886076,24.050632911392405
Norway,2019,Historical,Trucks,3.0,,100.0,
Norway,2019,Historical,Vans,2000.0,,100.0,
Norway,2020,Historical,Buses,230.0,63.0,78.49829351535837,21.501706484641637
Norway,2020,Historical,Cars,77000.0,29000.0,72.64150943396226,27.358490566037734
Norway,2020,Historical,Trucks,26.0,1.0,96.29629629629629,3.7037037037037033
Norway,2020,Historical,Vans,2600.0,11.0,99.5787054768288,0.42129452317119875
Norway,2021,Historical,Buses,99.0,5.0,95.1923076923077,4.807692307692308
Norway,2021,Historical,Cars,110000.0,38000.0,74.32432432432432,25.675675675675674
Norway,2021,Historical,Trucks,110.0,,100.0,
Norway,2021,Historical,Vans,1600.0,58.0,96.50180940892642,3.4981905910735827
Norway,2022,Historical,Buses,310.0,,100.0,
Norway,2022,Historical,Cars,140000.0,16000.0,89.74358974358975,10.256410256410255
Norway,2022,Historical,Trucks,530.0,,100.0,
Norway,2022,Historical,Vans,7000.0,220.0,96.95290858725761,3.0470914127423825
Norway,2023,Historical,Buses,540.0,,100.0,
Norway,2023,Historical,Cars,100000.0,10000.0,90.9090909090909,9.090909090909092
Norway,2023,Historical,Trucks,700.0,,100.0,
Norway,2023,Historical,Vans,8800.0,130.0,98.54423292273236,1.4557670772676372
Poland,2010,Historical,Cars,15.0,1.0,93.75,6.25
Poland,2010,Historical,Vans,3.0,,100.0,
Poland,2011,Historical,Cars,43.0,,100.0,
Poland,2011,Historical,Vans,3.0,,100.0,
Poland,2012,Historical,Cars,44.0,4.0,91.66666666666666,8.333333333333332
Poland,2012,Historical,Vans,16.0,,100.0,
Poland,2013,Historical,Cars,31.0,6.0,83.78378378378379,16.216216216216218
Poland,2013,Historical,Vans,10.0,,100.0,
Poland,2014,Historical,Cars,140.0,61.0,69.65174129353234,30.34825870646766
Poland,2014,Historical,Vans,8.0,,100.0,
Poland,2015,Historical,Cars,70.0,150.0,31.818181818181817,68.18181818181817
Poland,2015,Historical,Vans,13.0,2.0,86.66666666666667,13.333333333333334
Poland,2016,Historical,Cars,110.0,400.0,21.568627450980394,78.43137254901961
Poland,2016,Historical,Vans,16.0,,100.0,
Poland,2017,Historical,Cars,440.0,640.0,40.74074074074074,59.25925925925925
Poland,2017,Historical,Vans,28.0,,100.0,
Poland,2018,Historical,Buses,63.0,38.0,62.37623762376238,37.62376237623762
Poland,2018,Historical,Cars,620.0,760.0,44.927536231884055,55.072463768115945
Poland,2018,Historical,Vans,42.0,,100.0,
Poland,2019,Historical,Buses,54.0,1.0,98.18181818181819,1.8181818181818181
Poland,2019,Historical,Cars,1500.0,1200.0,55.55555555555556,44.44444444444444
Poland,2019,Historical,Vans,130.0,,100.0,
Poland,2020,Historical,Buses,200.0,,100.0,
Poland,2020,Historical,Cars,3700.0,4500.0,45.1219512195122,54.87804878048781
Poland,2020,Historical,Vans,220.0,2.0,99.09909909909909,0.9009009009009009
Poland,2021,Historical,Buses,220.0,1.0,99.5475113122172,0.4524886877828055
Poland,2021,Historical,Cars,7200.0,9100.0,44.171779141104295,55.828220858895705
Poland,2021,Historical,Vans,840.0,1.0,99.88109393579072,0.11890606420927466
Poland,2022,Historical,Buses,180.0,1.0,99.4475138121547,0.5524861878453038
Poland,2022,Historical,Cars,14000.0,11000.0,56.00000000000001,44.0
Poland,2022,Historical,Vans,1100.0,1.0,99.90917347865576,0.09082652134423251
Poland,2023,Historical,Buses,360.0,3.0,99.17355371900827,0.8264462809917356
Poland,2023,Historical,Cars,17000.0,13000.0,56.666666666666664,43.333333333333336
Poland,2023,Historical,Vans,2400.0,,100.0,
Portugal,2010,Historical,Cars,13.0,,100.0,
Portugal,2011,Historical,Cars,170.0,2.0,98.83720930232558,1.1627906976744187
Portugal,2012,Historical,Cars,54.0,30.0,64.28571428571429,35.714285714285715
Portugal,2013,Historical,Cars,150.0,35.0,81.08108108108108,18.91891891891892
Portugal,2013,Historical,Vans,27.0,,100.0,
Portugal,2014,Historical,Buses,,2.0,,100.0
Portugal,2014,Historical,Cars,190.0,98.0,65.97222222222221,34.02777777777778
Portugal,2014,Historical,Vans,26.0,,100.0,
Portugal,2015,Historical,Cars,670.0,430.0,60.909090909090914,39.09090909090909
Portugal,2016,Historical,Cars,800.0,1000.0,44.44444444444444,55.55555555555556
Portugal,2017,Historical,Buses,,2.0,,100.0
Portugal,2017,Historical,Cars,1900.0,2500.0,43.18181818181818,56.81818181818182
Portugal,2017,Historical,Vans,200.0,,100.0,
Portugal,2018,Historical,Buses,10.0,,100.0,
Portugal,2018,Historical,Cars,4300.0,3900.0,52.4390243902439,47.5609756097561
Portugal,2018,Historical,Vans,260.0,,100.0,
Portugal,2019,Historical,Buses,17.0,10.0,62.96296296296296,37.03703703703704
Portugal,2019,Historical,Cars,6800.0,5800.0,53.96825396825397,46.03174603174603
Portugal,2019,Historical,Vans,230.0,,100.0,
Portugal,2020,Historical,Buses,10.0,,100.0,
Portugal,2020,Historical,Cars,7800.0,12000.0,39.39393939393939,60.60606060606061
Portugal,2020,Historical,Vans,270.0,,100.0,
Portugal,2021,Historical,Buses,44.0,2.0,95.65217391304348,4.3478260869565215
Portugal,2021,Historical,Cars,13000.0,16000.0,44.827586206896555,55.172413793103445
Portugal,2021,Historical,Vans,360.0,7.0,98.09264305177112,1.9073569482288828
Portugal,2022,Historical,Buses,76.0,,100.0,
Portugal,2022,Historical,Cars,18000.0,16000.0,52.94117647058824,47.05882352941176
Portugal,2022,Historical,Vans,1000.0,2.0,99.8003992015968,0.19960079840319359
Portugal,2023,Historical,Buses,360.0,,100.0,
Portugal,2023,Historical,Cars,36000.0,27000.0,57.14285714285714,42.857142857142854
Portugal,2023,Historical,Vans,2500.0,,100.0,
Rest of the world,2011,Historical,Cars,42.0,,100.0,
Rest of the world,2012,Historical,Cars,380.0,68.0,84.82142857142857,15.178571428571427
Rest of the world,2013,Historical,Cars,190.0,21.0,90.04739336492891,9.95260663507109
Rest of the world,2014,Historical,Cars,150.0,400.0,27.27272727272727,72.72727272727273
Rest of the world,2015,Historical,Cars,3400.0,900.0,79.06976744186046,20.930232558139537
Rest of the world,2015,Historical,Vans,21.0,,100.0,
Rest of the world,2016,Historical,Cars,880.0,700.0,55.69620253164557,44.303797468354425
Rest of the world,2016,Historical,Vans,18.0,,100.0,
Rest of the world,2017,Historical,Buses,45.0,,100.0,
Rest of the world,2017,Historical,Cars,1900.0,570.0,76.92307692307693,23.076923076923077
Rest of the world,2017,Historical,Vans,33.0,,100.0,
Rest of the world,2018,Historical,Buses,220.0,40.0,84.61538461538461,15.384615384615385
Rest of the world,2018,Historical,Cars,1700.0,2300.0,42.5,57.49999999999999
Rest of the world,2018,Historical,Trucks,27.0,,100.0,
Rest of the world,2018,Historical,Vans,60.0,,100.0,
Rest of the world,2019,Historical,Buses,340.0,,100.0,
Rest of the world,2019,Historical,Cars,5200.0,2800.0,65.0,35.0
Rest of the world,2019,Historical,Vans,180.0,,100.0,
Rest of the world,2020,Historical,Buses,1200.0,4.0,99.66777408637874,0.33222591362126247
Rest of the world,2020,Historical,Cars,12000.0,3200.0,78.94736842105263,21.052631578947366
Rest of the world,2020,Historical,Trucks,33.0,,100.0,
Rest of the world,2020,Historical,Vans,190.0,,100.0,
Rest of the world,2021,Historical,Buses,920.0,1.0,99.8914223669924,0.10857763300760044
Rest of the world,2021,Historical,Cars,21000.0,5900.0,78.06691449814126,21.933085501858738
Rest of the world,2021,Historical,Trucks,32.0,,100.0,
Rest of the world,2021,Historical,Vans,530.0,,100.0,
Rest of the world,2022,Historical,Buses,2300.0,5.0,99.78308026030369,0.21691973969631237
Rest of the world,2022,Historical,Cars,48000.0,7900.0,85.86762075134168,14.132379248658319
Rest of the world,2022,Historical,Trucks,18.0,,100.0,
Rest of the world,2022,Historical,Vans,770.0,,100.0,
Rest of the world,2023,Historical,Buses,1000.0,,100.0,
Rest of the world,2023,Historical,Cars,100000.0,26000.0,79.36507936507937,20.634920634920633
Rest of the world,2023,Historical,Trucks,110.0,,100.0,
Rest of the world,2023,Historical,Vans,1100.0,,100.0,
Romania,2015,Historical,Cars,24.0,,100.0,
Romania,2016,Historical,Cars,74.0,,100.0,
Romania,2017,Historical,Cars,190.0,,100.0,
Romania,2018,Historical,Cars,600.0,,100.0,
Romania,2019,Historical,Cars,1500.0,,100.0,
Romania,2020,Historical,Cars,2800.0,1000.0,73.68421052631578,26.31578947368421
Romania,2021,Historical,Cars,6300.0,,100.0,
Romania,2022,Historical,Cars,12000.0,,100.0,
Romania,2023,Historical,Cars,15000.0,,100.0,
Seychelles,2015,Historical,Cars,3.0,,100.0,
Seychelles,2016,Historical,Cars,12.0,,100.0,
Seychelles,2017,Historical,Cars,30.0,,100.0,
Seychelles,2018,Historical,Cars,32.0,,100.0,
Seychelles,2019,Historical,Cars,37.0,,100.0,
Seychelles,2020,Historical,Cars,26.0,,100.0,
Seychelles,2021,Historical,Cars,61.0,,100.0,
Seychelles,2022,Historical,Cars,37.0,,100.0,
Seychelles,2023,Historical,Cars,100.0,,100.0,
Slovakia,2015,Historical,Cars,52.0,,100.0,
Slovakia,2016,Historical,Cars,59.0,,100.0,
Slovakia,2017,Historical,Cars,210.0,,100.0,
Slovakia,2018,Historical,Cars,290.0,,100.0,
Slovakia,2019,Historical,Cars,160.0,200.0,44.44444444444444,55.55555555555556
Slovakia,2020,Historical,Cars,920.0,860.0,51.68539325842697,48.31460674157304
Slovakia,2021,Historical,Cars,1100.0,1200.0,47.82608695652174,52.17391304347826
Slovakia,2022,Historical,Cars,1400.0,1600.0,46.666666666666664,53.333333333333336
Slovakia,2023,Historical,Cars,2300.0,3000.0,43.39622641509434,56.60377358490566
Slovenia,2016,Historical,Cars,140.0,46.0,75.26881720430107,24.731182795698924
Slovenia,2017,Historical,Cars,290.0,170.0,63.04347826086957,36.95652173913043
Slovenia,2018,Historical,Cars,470.0,190.0,71.21212121212122,28.78787878787879
Slovenia,2019,Historical,Cars,190.0,28.0,87.1559633027523,12.844036697247708
Slovenia,2020,Historical,Cars,1600.0,39.0,97.62050030506406,2.3794996949359364
Slovenia,2021,Historical,Cars,1700.0,310.0,84.5771144278607,15.422885572139302
Slovenia,2022,Historical,Cars,2300.0,590.0,79.58477508650519,20.415224913494807
Slovenia,2023,Historical,Cars,4300.0,1000.0,81.13207547169812,18.867924528301888
South Africa,2013,Historical,Cars,34.0,,100.0,
South Africa,2014,Historical,Cars,14.0,1.0,93.33333333333333,6.666666666666667
South Africa,2015,Historical,Cars,120.0,120.0,50.0,50.0
South Africa,2016,Historical,Cars,100.0,280.0,26.31578947368421,73.68421052631578
South Africa,2017,Historical,Cars,68.0,130.0,34.34343434343434,65.65656565656566
South Africa,2018,Historical,Cars,66.0,82.0,44.5945945945946,55.4054054054054
South Africa,2019,Historical,Cars,160.0,72.0,68.96551724137932,31.03448275862069
South Africa,2020,Historical,Cars,92.0,150.0,38.01652892561984,61.98347107438017
South Africa,2021,Historical,Cars,220.0,51.0,81.18081180811808,18.81918819188192
South Africa,2022,Historical,Cars,500.0,120.0,80.64516129032258,19.35483870967742
South Africa,2023,Historical,Cars,810.0,270.0,75.0,25.0
Spain,2010,Historical,Cars,76.0,,100.0,
Spain,2011,Historical,Cars,390.0,8.0,97.98994974874373,2.0100502512562812
Spain,2011,Historical,Vans,24.0,,100.0,
Spain,2012,Historical,Cars,430.0,110.0,79.62962962962963,20.37037037037037
Spain,2012,Historical,Vans,200.0,,100.0,
Spain,2013,Historical,Cars,810.0,72.0,91.83673469387756,8.16326530612245
Spain,2013,Historical,Vans,72.0,,100.0,
Spain,2014,Historical,Buses,11.0,,100.0,
Spain,2014,Historical,Cars,1400.0,330.0,80.92485549132948,19.07514450867052
Spain,2014,Historical,Vans,360.0,,100.0,
Spain,2015,Historical,Buses,2.0,,100.0,
Spain,2015,Historical,Cars,1300.0,780.0,62.5,37.5
Spain,2015,Historical,Vans,540.0,,100.0,
Spain,2016,Historical,Buses,27.0,,100.0,
Spain,2016,Historical,Cars,2000.0,1500.0,57.14285714285714,42.857142857142854
Spain,2016,Historical,Trucks,13.0,,100.0,
Spain,2016,Historical,Vans,720.0,,100.0,
Spain,2017,Historical,Buses,8.0,5.0,61.53846153846154,38.46153846153847
Spain,2017,Historical,Cars,3900.0,3500.0,52.702702702702695,47.2972972972973
Spain,2017,Historical,Trucks,2.0,,100.0,
Spain,2017,Historical,Vans,840.0,,100.0,
Spain,2018,Historical,Buses,30.0,8.0,78.94736842105263,21.052631578947366
Spain,2018,Historical,Cars,6000.0,5600.0,51.724137931034484,48.275862068965516
Spain,2018,Historical,Vans,1800.0,,100.0,
Spain,2019,Historical,Buses,100.0,6.0,94.33962264150944,5.660377358490567
Spain,2019,Historical,Cars,10000.0,7400.0,57.47126436781609,42.5287356321839
Spain,2019,Historical,Trucks,7.0,,100.0,
Spain,2019,Historical,Vans,1900.0,,100.0,
Spain,2020,Historical,Buses,51.0,7.0,87.93103448275862,12.068965517241379
Spain,2020,Historical,Cars,18000.0,24000.0,42.857142857142854,57.14285714285714
Spain,2020,Historical,Trucks,8.0,,100.0,
Spain,2020,Historical,Vans,2000.0,,100.0,
Spain,2021,Historical,Buses,150.0,16.0,90.36144578313254,9.63855421686747
Spain,2021,Historical,Cars,24000.0,43000.0,35.82089552238806,64.17910447761194
Spain,2021,Historical,Trucks,23.0,,100.0,
Spain,2021,Historical,Vans,2300.0,46.0,98.0392156862745,1.9607843137254901
Spain,2022,Historical,Buses,250.0,1.0,99.60159362549801,0.398406374501992
Spain,2022,Historical,Cars,33000.0,49000.0,40.243902439024396,59.756097560975604
Spain,2022,Historical,Trucks,210.0,,100.0,
Spain,2022,Historical,Vans,3500.0,94.0,97.38452977184195,2.615470228158041
Spain,2023,Historical,Buses,520.0,29.0,94.71766848816029,5.2823315118397085
Spain,2023,Historical,Cars,57000.0,65000.0,46.72131147540984,53.278688524590166
Spain,2023,Historical,Trucks,440.0,,100.0,
Spain,2023,Historical,Vans,10000.0,5.0,99.95002498750625,0.04997501249375312
Sweden,2010,Historical,Cars,4.0,,100.0,
Sweden,2011,Historical,Cars,180.0,,100.0,
Sweden,2011,Historical,Vans,9.0,,100.0,
Sweden,2012,Historical,Cars,270.0,660.0,29.03225806451613,70.96774193548387
Sweden,2012,Historical,Vans,280.0,,100.0,
Sweden,2013,Historical,Cars,430.0,1100.0,28.104575163398692,71.89542483660131
Sweden,2013,Historical,Vans,210.0,,100.0,
Sweden,2014,Historical,Cars,1200.0,3400.0,26.08695652173913,73.91304347826086
Sweden,2014,Historical,Vans,280.0,,100.0,
Sweden,2015,Historical,Buses,9.0,5.0,64.28571428571429,35.714285714285715
Sweden,2015,Historical,Cars,3000.0,5700.0,34.48275862068966,65.51724137931035
Sweden,2015,Historical,Vans,320.0,7.0,97.85932721712538,2.1406727828746175
Sweden,2016,Historical,Buses,33.0,17.0,66.0,34.0
Sweden,2016,Historical,Cars,2900.0,10000.0,22.48062015503876,77.51937984496125
Sweden,2016,Historical,Vans,45.0,,100.0,
Sweden,2017,Historical,Buses,12.0,,100.0,
Sweden,2017,Historical,Cars,4400.0,16000.0,21.568627450980394,78.43137254901961
Sweden,2017,Historical,Vans,200.0,,100.0,
Sweden,2018,Historical,Buses,36.0,,100.0,
Sweden,2018,Historical,Cars,7100.0,22000.0,24.398625429553263,75.60137457044674
Sweden,2018,Historical,Trucks,4.0,,100.0,
Sweden,2018,Historical,Vans,760.0,9.0,98.8296488946684,1.1703511053315996
Sweden,2019,Historical,Buses,98.0,,100.0,
Sweden,2019,Historical,Cars,16000.0,25000.0,39.02439024390244,60.97560975609756
Sweden,2019,Historical,Trucks,4.0,,100.0,
Sweden,2019,Historical,Vans,1400.0,,100.0,
Sweden,2020,Historical,Buses,160.0,,100.0,
Sweden,2020,Historical,Cars,28000.0,66000.0,29.78723404255319,70.2127659574468
Sweden,2020,Historical,Trucks,24.0,,100.0,
Sweden,2020,Historical,Vans,2100.0,,100.0,
Sweden,2021,Historical,Buses,180.0,,100.0,
Sweden,2021,Historical,Cars,57000.0,78000.0,42.22222222222222,57.77777777777777
Sweden,2021,Historical,Trucks,100.0,,100.0,
Sweden,2021,Historical,Vans,2600.0,,100.0,
Sweden,2022,Historical,Buses,210.0,,100.0,
Sweden,2022,Historical,Cars,96000.0,67000.0,58.895705521472394,41.104294478527606
Sweden,2022,Historical,Trucks,340.0,7.0,97.98270893371757,2.0172910662824206
Sweden,2022,Historical,Vans,5000.0,,100.0,
Sweden,2023,Historical,Buses,310.0,,100.0,
Sweden,2023,Historical,Cars,110000.0,61000.0,64.32748538011695,35.67251461988304
Sweden,2023,Historical,Trucks,290.0,,100.0,
Sweden,2023,Historical,Vans,8700.0,5.0,99.94256174612292,0.05743825387708214
Switzerland,2011,Historical,Cars,400.0,41.0,90.702947845805,9.297052154195011
Switzerland,2012,Historical,Cars,340.0,400.0,45.94594594594595,54.054054054054056
Switzerland,2012,Historical,Vans,120.0,,100.0,
Switzerland,2013,Historical,Cars,1200.0,170.0,87.59124087591242,12.408759124087592
Switzerland,2013,Historical,Vans,110.0,,100.0,
Switzerland,2014,Historical,Cars,2700.0,200.0,93.10344827586206,6.896551724137931
Switzerland,2014,Historical,Vans,52.0,,100.0,
Switzerland,2015,Historical,Cars,3300.0,2400.0,57.89473684210527,42.10526315789473
Switzerland,2015,Historical,Vans,160.0,,100.0,
Switzerland,2016,Historical,Buses,5.0,,100.0,
Switzerland,2016,Historical,Cars,3300.0,2800.0,54.09836065573771,45.90163934426229
Switzerland,2016,Historical,Vans,85.0,,100.0,
Switzerland,2017,Historical,Buses,2.0,,100.0,
Switzerland,2017,Historical,Cars,4800.0,3600.0,57.14285714285714,42.857142857142854
Switzerland,2017,Historical,Vans,220.0,,100.0,
Switzerland,2018,Historical,Buses,18.0,,100.0,
Switzerland,2018,Historical,Cars,5100.0,4400.0,53.68421052631579,46.31578947368421
Switzerland,2018,Historical,Vans,300.0,,100.0,
Switzerland,2019,Historical,Buses,10.0,,100.0,
Switzerland,2019,Historical,Cars,13000.0,4300.0,75.14450867052022,24.85549132947977
Switzerland,2019,Historical,Trucks,36.0,,100.0,
Switzerland,2019,Historical,Vans,580.0,,100.0,
Switzerland,2020,Historical,Buses,22.0,,100.0,
Switzerland,2020,Historical,Cars,20000.0,14000.0,58.82352941176471,41.17647058823529
Switzerland,2020,Historical,Trucks,38.0,,100.0,
Switzerland,2020,Historical,Vans,780.0,9.0,98.85931558935361,1.1406844106463878
Switzerland,2021,Historical,Buses,55.0,,100.0,
Switzerland,2021,Historical,Cars,32000.0,22000.0,59.25925925925925,40.74074074074074
Switzerland,2021,Historical,Trucks,50.0,,100.0,
Switzerland,2021,Historical,Vans,1300.0,170.0,88.43537414965986,11.564625850340136
Switzerland,2022,Historical,Buses,110.0,1.0,99.09909909909909,0.9009009009009009
Switzerland,2022,Historical,Cars,40000.0,19000.0,67.79661016949152,32.20338983050847
Switzerland,2022,Historical,Trucks,180.0,,100.0,
Switzerland,2022,Historical,Vans,2400.0,4.0,99.83361064891847,0.16638935108153077
Switzerland,2023,Historical,Buses,770.0,,100.0,
Switzerland,2023,Historical,Cars,53000.0,23000.0,69.73684210526315,30.263157894736842
Switzerland,2023,Historical,Trucks,380.0,,100.0,
Switzerland,2023,Historical,Vans,3900.0,,100.0,
Turkiye,2012,Historical,Cars,92.0,,100.0,
Turkiye,2013,Historical,Cars,,1.0,,100.0
Turkiye,2014,Historical,Cars,46.0,22.0,67.64705882352942,32.35294117647059
Turkiye,2015,Historical,Cars,120.0,110.0,52.17391304347826,47.82608695652174
Turkiye,2016,Historical,Cars,44.0,83.0,34.645669291338585,65.35433070866141
Turkiye,2017,Historical,Cars,77.0,34.0,69.36936936936937,30.630630630630627
Turkiye,2018,Historical,Cars,190.0,45.0,80.85106382978722,19.148936170212767
Turkiye,2019,Historical,Cars,230.0,94.0,70.98765432098766,29.01234567901235
Turkiye,2020,Historical,Cars,890.0,400.0,68.9922480620155,31.007751937984494
Turkiye,2021,Historical,Cars,3000.0,920.0,76.53061224489795,23.46938775510204
Turkiye,2022,Historical,Cars,7000.0,540.0,92.83819628647215,7.161803713527852
Turkiye,2023,Historical,Cars,66000.0,2700.0,96.06986899563319,3.9301310043668125
USA,2010,Historical,Cars,1200.0,,100.0,
USA,2011,Historical,Buses,190.0,,100.0,
USA,2011,Historical,Cars,9800.0,8000.0,55.0561797752809,44.9438202247191
USA,2012,Historical,Buses,6.5,,100.0,
USA,2012,Historical,Cars,15000.0,39000.0,27.77777777777778,72.22222222222221
USA,2013,Historical,Buses,8.69999980926514,,100.0,
USA,2013,Historical,Cars,48000.0,49000.0,49.48453608247423,50.51546391752577
USA,2014,Historical,Buses,26.0,,100.0,
USA,2014,Historical,Cars,63000.0,55000.0,53.38983050847458,46.61016949152542
USA,2015,Historical,Buses,81.0,550.0,12.836767036450079,87.16323296354992
USA,2015,Historical,Cars,71000.0,43000.0,62.28070175438597,37.719298245614034
USA,2016,Historical,Buses,500.0,,100.0,
USA,2016,Historical,Cars,87000.0,73000.0,54.37499999999999,45.625
USA,2017,Historical,Buses,190.0,,100.0,
USA,2017,Historical,Cars,100000.0,94000.0,51.546391752577314,48.45360824742268
USA,2018,Historical,Buses,620.0,,100.0,
USA,2018,Historical,Cars,240000.0,120000.0,66.66666666666666,33.33333333333333
USA,2019,Historical,Buses,560.0,,100.0,
USA,2019,Historical,Cars,240000.0,85000.0,73.84615384615385,26.153846153846157
USA,2020,Historical,Buses,520.0,,100.0,
USA,2020,Historical,Cars,230000.0,64000.0,78.2312925170068,21.768707482993197
USA,2021,Historical,Buses,1100.0,,100.0,
USA,2021,Historical,Cars,470000.0,160000.0,74.60317460317461,25.396825396825395
USA,2022,Historical,Buses,2400.0,,100.0,
USA,2022,Historical,Cars,800000.0,190000.0,80.8080808080808,19.19191919191919
USA,2023,Historical,Buses,750.0,,100.0,
USA,2023,Historical,Cars,1100000.0,290000.0,79.13669064748201,20.863309352517987
United Arab Emirates,2018,Historical,Cars,59.0,60.0,49.57983193277311,50.42016806722689
United Arab Emirates,2019,Historical,Cars,33.0,61.0,35.1063829787234,64.8936170212766
United Arab Emirates,2020,Historical,Cars,630.0,61.0,91.17221418234442,8.827785817655572
United Arab Emirates,2021,Historical,Cars,2100.0,2000.0,51.21951219512195,48.78048780487805
United Arab Emirates,2022,Historical,Cars,15000.0,3900.0,79.36507936507937,20.634920634920633
United Arab Emirates,2023,Historical,Cars,23000.0,5900.0,79.58477508650519,20.415224913494807
United Kingdom,2010,Historical,Buses,4.0,,100.0,
United Kingdom,2010,Historical,Cars,240.0,21.0,91.95402298850574,8.045977011494253
United Kingdom,2010,Historical,Trucks,9.0,,100.0,
United Kingdom,2010,Historical,Vans,230.0,,100.0,
United Kingdom,2011,Historical,Buses,2.0,,100.0,
United Kingdom,2011,Historical,Cars,1200.0,7.0,99.42004971002486,0.579950289975145
United Kingdom,2011,Historical,Trucks,5.0,,100.0,
United Kingdom,2011,Historical,Vans,220.0,,100.0,
United Kingdom,2012,Historical,Buses,14.0,,100.0,
United Kingdom,2012,Historical,Cars,1600.0,970.0,62.2568093385214,37.7431906614786
United Kingdom,2012,Historical,Trucks,6.0,,100.0,
United Kingdom,2012,Historical,Vans,410.0,,100.0,
United Kingdom,2013,Historical,Buses,23.0,,100.0,
United Kingdom,2013,Historical,Cars,2600.0,1100.0,70.27027027027027,29.72972972972973
United Kingdom,2013,Historical,Vans,290.0,,100.0,
United Kingdom,2014,Historical,Buses,47.0,,100.0,
United Kingdom,2014,Historical,Cars,6700.0,7800.0,46.206896551724135,53.79310344827586
United Kingdom,2014,Historical,Trucks,8.0,,100.0,
United Kingdom,2014,Historical,Vans,790.0,4.0,99.49622166246851,0.5037783375314862
United Kingdom,2015,Historical,Buses,24.0,,100.0,
United Kingdom,2015,Historical,Cars,10000.0,19000.0,34.48275862068966,65.51724137931035
United Kingdom,2015,Historical,Trucks,3.0,,100.0,
United Kingdom,2015,Historical,Vans,960.0,98.0,90.73724007561437,9.262759924385634
United Kingdom,2016,Historical,Buses,59.0,140.0,29.64824120603015,70.35175879396985
United Kingdom,2016,Historical,Cars,10000.0,29000.0,25.64102564102564,74.35897435897436
United Kingdom,2016,Historical,Trucks,8.0,,100.0,
United Kingdom,2016,Historical,Vans,1000.0,78.0,92.76437847866418,7.235621521335807
United Kingdom,2017,Historical,Buses,39.0,18.0,68.42105263157895,31.57894736842105
United Kingdom,2017,Historical,Cars,14000.0,35000.0,28.57142857142857,71.42857142857143
United Kingdom,2017,Historical,Trucks,4.0,,100.0,
United Kingdom,2017,Historical,Vans,1300.0,94.0,93.2568149210904,6.743185078909613
United Kingdom,2018,Historical,Buses,89.0,65.0,57.7922077922078,42.2077922077922
United Kingdom,2018,Historical,Cars,16000.0,46000.0,25.806451612903224,74.19354838709677
United Kingdom,2018,Historical,Trucks,12.0,,100.0,
United Kingdom,2018,Historical,Vans,1500.0,150.0,90.9090909090909,9.090909090909092
United Kingdom,2019,Historical,Buses,120.0,,100.0,
United Kingdom,2019,Historical,Cars,38000.0,37000.0,50.66666666666667,49.333333333333336
United Kingdom,2019,Historical,Trucks,20.0,,100.0,
United Kingdom,2019,Historical,Vans,3500.0,210.0,94.33962264150944,5.660377358490567
United Kingdom,2020,Historical,Buses,300.0,,100.0,
United Kingdom,2020,Historical,Cars,110000.0,68000.0,61.79775280898876,38.20224719101123
United Kingdom,2020,Historical,Trucks,16.0,,100.0,
United Kingdom,2020,Historical,Vans,5700.0,560.0,91.05431309904152,8.945686900958465
United Kingdom,2021,Historical,Buses,540.0,,100.0,
United Kingdom,2021,Historical,Cars,190000.0,120000.0,61.29032258064516,38.70967741935484
United Kingdom,2021,Historical,Trucks,140.0,,100.0,
United Kingdom,2021,Historical,Vans,12000.0,1200.0,90.9090909090909,9.090909090909092
United Kingdom,2022,Historical,Buses,440.0,,100.0,
United Kingdom,2022,Historical,Cars,270000.0,100000.0,72.97297297297297,27.027027027027028
United Kingdom,2022,Historical,Trucks,510.0,,100.0,
United Kingdom,2022,Historical,Vans,17000.0,410.0,97.64503159103964,2.3549684089603677
United Kingdom,2023,Historical,Buses,1300.0,,100.0,
United Kingdom,2023,Historical,Cars,310000.0,140000.0,68.88888888888889,31.11111111111111
United Kingdom,2023,Historical,Trucks,1400.0,,100.0,
United Kingdom,2023,Historical,Vans,22000.0,110.0,99.50248756218906,0.4975124378109453
World,2010,Historical,Buses,1100.0,,100.0,
World,2010,Historical,Cars,7000.0,450.0,93.95973154362416,6.0402684563758395
World,2010,Historical,Trucks,37.0,,100.0,
World,2010,Historical,Vans,1700.0,,100.0,
World,2011,Historical,Buses,680.0,160.0,80.95238095238095,19.047619047619047
World,2011,Historical,Cars,40000.0,9000.0,81.63265306122449,18.367346938775512
World,2011,Historical,Trucks,200.0,,100.0,
World,2011,Historical,Vans,3700.0,,100.0,
World,2012,Historical,Buses,1500.0,510.0,74.6268656716418,25.37313432835821
World,2012,Historical,Cars,59000.0,61000.0,49.166666666666664,50.83333333333333
World,2012,Historical,Trucks,28.0,,100.0,
World,2012,Historical,Vans,11000.0,11.0,99.9000999000999,0.0999000999000999
World,2013,Historical,Buses,2100.0,1800.0,53.84615384615385,46.15384615384615
World,2013,Historical,Cars,110000.0,91000.0,54.72636815920397,45.27363184079602
World,2013,Historical,Trucks,40.0,,100.0,
World,2013,Historical,Vans,11000.0,5.0,99.95456610631531,0.045433893684688774
World,2014,Historical,Buses,4300.0,6000.0,41.74757281553398,58.252427184466015
World,2014,Historical,Cars,200000.0,130000.0,60.60606060606061,39.39393939393939
World,2014,Historical,Trucks,55.0,,100.0,
World,2014,Historical,Vans,11000.0,20.0,99.8185117967332,0.18148820326678766
World,2015,Historical,Buses,44000.0,14000.0,75.86206896551724,24.137931034482758
World,2015,Historical,Cars,330000.0,220000.0,60.0,40.0
World,2015,Historical,Trucks,17000.0,,100.0,
World,2015,Historical,Vans,27000.0,780.0,97.19222462203024,2.8077753779697625
World,2016,Historical,Buses,77000.0,7900.0,90.69493521790342,9.305064782096583
World,2016,Historical,Cars,470000.0,290000.0,61.8421052631579,38.15789473684211
World,2016,Historical,Trucks,47000.0,,100.0,
World,2016,Historical,Vans,23000.0,170.0,99.26629261976694,0.73370738023306
World,2017,Historical,Buses,89000.0,290.0,99.6752155896517,0.32478441034830324
World,2017,Historical,Cars,760000.0,420000.0,64.40677966101694,35.59322033898305
World,2017,Historical,Trucks,71000.0,2.0,99.99718317793865,0.0028168220613503845
World,2017,Historical,Vans,86000.0,140.0,99.83747387973068,0.162526120269329
World,2018,Historical,Buses,85000.0,1400.0,98.37962962962963,1.6203703703703702
World,2018,Historical,Cars,1400000.0,660000.0,67.96116504854369,32.038834951456316
World,2018,Historical,Trucks,37000.0,1.0,99.99729737034134,0.002702629658657874
World,2018,Historical,Vans,80000.0,190.0,99.76306272602568,0.23693727397431102
World,2019,Historical,Buses,72000.0,1400.0,98.09264305177112,1.9073569482288828
World,2019,Historical,Cars,1500000.0,580000.0,72.11538461538461,27.884615384615387
World,2019,Historical,Trucks,25000.0,32.0,99.87216363055289,0.1278363694471077
World,2019,Historical,Vans,59000.0,280.0,99.527665317139,0.47233468286099867
World,2020,Historical,Buses,62000.0,1900.0,97.0266040688576,2.97339593114241
World,2020,Historical,Cars,2000000.0,980000.0,67.11409395973155,32.88590604026846
World,2020,Historical,Trucks,18000.0,31.0,99.82807387277467,0.17192612722533415
World,2020,Historical,Vans,84000.0,2500.0,97.10982658959537,2.8901734104046244
World,2021,Historical,Buses,50000.0,1000.0,98.0392156862745,1.9607843137254901
World,2021,Historical,Cars,4700000.0,1900000.0,71.21212121212122,28.78787878787879
World,2021,Historical,Trucks,20000.0,560.0,97.27626459143968,2.7237354085603114
World,2021,Historical,Vans,170000.0,6300.0,96.42654566080544,3.5734543391945546
World,2022,Historical,Buses,58000.0,1200.0,97.97297297297297,2.027027027027027
World,2022,Historical,Cars,7300000.0,2900000.0,71.56862745098039,28.431372549019606
World,2022,Historical,Trucks,39000.0,280.0,99.28716904276986,0.7128309572301426
World,2022,Historical,Vans,310000.0,7900.0,97.51494180559924,2.485058194400755
World,2023,Historical,Buses,48000.0,1400.0,97.16599190283401,2.834008097165992
World,2023,Historical,Cars,9500000.0,4300000.0,68.84057971014492,31.15942028985507
World,2023,Historical,Trucks,53000.0,360.0,99.32533733133432,0.6746626686656672
World,2023,Historical,Vans,460000.0,6600.0,98.58551221603086,1.4144877839691383
